(0.000000, 0.000000, 0.000000),(0.000000, 0.000000, 0.000000, 0.000000)
(0.181032, -0.237060, 0.316741),(-0.385276, -0.055843, -0.453791, 0.801402)(0.197865, -0.210141, 0.350906),(0.385366, 0.056015, 0.453936, -0.801435)(0.167677, -0.218988, 0.328574),(0.405610, 0.047306, -0.431413, -0.805001)(0.148738, -0.191849, 0.358193),(0.180078, -0.047109, -0.437602, -0.880250)(0.146188, -0.179731, 0.389789),(0.016269, -0.080058, -0.431967, -0.898466)(0.148491, -0.177966, 0.407432),(0.016269, -0.080058, -0.431967, -0.898466)(0.177489, -0.222676, 0.330357),(-0.439848, -0.175272, -0.465874, 0.747512)(0.186781, -0.171066, 0.365039),(0.012481, 0.082571, 0.367601, -0.926236)(0.181609, -0.168051, 0.400500),(-0.649260, 0.281615, 0.144805, -0.691575)(0.167921, -0.187397, 0.400464),(-0.891270, 0.314305, 0.061818, -0.321854)(0.162710, -0.196293, 0.387406),(-0.891270, 0.314305, 0.061818, -0.321854)(0.183527, -0.227435, 0.331486),(-0.443112, -0.007545, -0.386602, 0.808785)(0.202707, -0.185488, 0.366733),(-0.140771, 0.135574, 0.413100, -0.889478)(0.187777, -0.191268, 0.405309),(-0.761979, 0.424228, 0.151676, -0.465365)(0.169867, -0.207869, 0.390414),(-0.921250, 0.376923, 0.030288, -0.096248)(0.167664, -0.210522, 0.373589),(-0.921250, 0.376923, 0.030288, -0.096248)(0.191570, -0.233713, 0.333675),(-0.367584, 0.072517, -0.334005, 0.864907)(0.210760, -0.203328, 0.370880),(-0.235310, 0.174701, 0.443690, -0.846915)(0.191647, -0.212550, 0.402244),(-0.797339, 0.479533, 0.182176, -0.318176)(0.177919, -0.220214, 0.385401),(-0.894900, 0.441331, 0.051982, -0.046642)(0.175413, -0.220908, 0.366909),(-0.894900, 0.441331, 0.051982, -0.046642)(0.196259, -0.241104, 0.336260),(-0.253683, 0.145767, -0.272581, 0.916568)(0.216418, -0.221937, 0.377461),(-0.337470, 0.248283, 0.485358, -0.767406)(0.198402, -0.228977, 0.393960),(-0.773222, 0.532214, 0.202290, -0.279472)(0.186648, -0.233155, 0.379290),(-0.879915, 0.454843, 0.119052, 0.072311)(0.184508, -0.229653, 0.364984),(-0.879915, 0.454843, 0.119052, 0.072311)(0.000000, 0.000000, 0.000000),(0.000000, 0.000000, 0.000000, 0.000000)
(0.181099, -0.237008, 0.316620),(-0.384679, -0.055252, -0.454284, 0.801456)(0.197961, -0.210150, 0.350842),(0.384767, 0.055418, 0.454425, -0.801487)(0.167753, -0.218935, 0.328499),(0.405754, 0.047183, -0.431826, -0.804714)(0.148807, -0.191797, 0.358104),(0.179654, -0.046877, -0.438249, -0.880027)(0.146246, -0.179709, 0.389717),(0.011476, -0.081204, -0.432215, -0.898322)(0.148658, -0.178082, 0.407340),(0.011476, -0.081204, -0.432215, -0.898322)(0.177566, -0.222633, 0.330277),(-0.439570, -0.174056, -0.465918, 0.747933)(0.186957, -0.171049, 0.365074),(0.034718, 0.067747, 0.371202, -0.925436)(0.183371, -0.166924, 0.400658),(-0.637223, 0.274641, 0.157505, -0.702710)(0.169511, -0.186032, 0.401537),(-0.889097, 0.317811, 0.071111, -0.322490)(0.163958, -0.194861, 0.388472),(-0.889097, 0.317811, 0.071111, -0.322490)(0.183605, -0.227399, 0.331395),(-0.442424, -0.006754, -0.386625, 0.809158)(0.202834, -0.185524, 0.366722),(-0.140497, 0.132725, 0.414841, -0.889141)(0.188115, -0.191356, 0.405348),(-0.762355, 0.424223, 0.154458, -0.463836)(0.170131, -0.207821, 0.390431),(-0.922250, 0.377666, 0.028120, -0.083508)(0.168155, -0.210105, 0.373499),(-0.922250, 0.377666, 0.028120, -0.083508)(0.191649, -0.233687, 0.333569),(-0.366822, 0.073093, -0.334068, 0.865158)(0.210872, -0.203377, 0.370828),(-0.235463, 0.173856, 0.444240, -0.846757)(0.191800, -0.212627, 0.402209),(-0.797240, 0.479445, 0.183208, -0.317964)(0.178043, -0.220259, 0.385379),(-0.895096, 0.441228, 0.051803, -0.043948)(0.175585, -0.220867, 0.366867),(-0.895096, 0.441228, 0.051803, -0.043948)(0.196336, -0.241086, 0.336138),(-0.252870, 0.146167, -0.272680, 0.916699)(0.216507, -0.222008, 0.377354),(-0.338779, 0.248806, 0.485237, -0.766736)(0.198419, -0.229088, 0.393821),(-0.773819, 0.532175, 0.201958, -0.278131)(0.186700, -0.233238, 0.379119),(-0.880102, 0.454375, 0.118355, 0.074111)(0.184601, -0.229700, 0.364815),(-0.880102, 0.454375, 0.118355, 0.074111)(0.000000, 0.000000, 0.000000),(0.000000, 0.000000, 0.000000, 0.000000)
(0.180972, -0.236702, 0.316496),(-0.382159, -0.054231, -0.455754, 0.801894)(0.197846, -0.210077, 0.350900),(0.382248, 0.054400, 0.455898, -0.801926)(0.167669, -0.218667, 0.328463),(0.401967, 0.049415, -0.428524, -0.808238)(0.148806, -0.191739, 0.358328),(0.176658, -0.045083, -0.434820, -0.882425)(0.146277, -0.179873, 0.390005),(0.019216, -0.075630, -0.429996, -0.899730)(0.148401, -0.178084, 0.407694),(0.019216, -0.075630, -0.429996, -0.899730)(0.177465, -0.222396, 0.330227),(-0.437168, -0.173213, -0.467996, 0.748239)(0.186898, -0.171051, 0.365309),(0.019142, 0.075689, 0.370818, -0.925427)(0.182365, -0.167754, 0.400875),(-0.644915, 0.279490, 0.152323, -0.694880)(0.168537, -0.186925, 0.401161),(-0.891854, 0.318436, 0.065488, -0.315383)(0.163220, -0.195620, 0.387933),(-0.891854, 0.318436, 0.065488, -0.315383)(0.183483, -0.227180, 0.331329),(-0.439973, -0.006038, -0.388316, 0.809690)(0.202739, -0.185573, 0.366879),(-0.146497, 0.135611, 0.414823, -0.887745)(0.187605, -0.191737, 0.405320),(-0.765852, 0.426348, 0.151729, -0.456978)(0.169817, -0.208045, 0.389992),(-0.922978, 0.377945, 0.023710, -0.075098)(0.168089, -0.210121, 0.373003),(-0.922978, 0.377945, 0.023710, -0.075098)(0.191499, -0.233497, 0.333483),(-0.364246, 0.073720, -0.335464, 0.865653)(0.210719, -0.203472, 0.370877),(-0.240591, 0.176266, 0.444198, -0.844838)(0.191344, -0.212937, 0.402014),(-0.800344, 0.481346, 0.179552, -0.309262)(0.177862, -0.220358, 0.384873),(-0.896106, 0.441039, 0.044957, -0.030803)(0.175846, -0.220641, 0.366283),(-0.896106, 0.441039, 0.044957, -0.030803)(0.196161, -0.240924, 0.336018),(-0.249887, 0.146388, -0.273839, 0.917136)(0.216303, -0.222132, 0.377372),(-0.341112, 0.249609, 0.486102, -0.764891)(0.198154, -0.229233, 0.393721),(-0.775682, 0.534582, 0.198955, -0.270383)(0.186636, -0.233218, 0.378799),(-0.880366, 0.453588, 0.112176, 0.084626)(0.184837, -0.229487, 0.364492),(-0.880366, 0.453588, 0.112176, 0.084626)(0.000000, 0.000000, 0.000000),(0.000000, 0.000000, 0.000000, 0.000000)
(0.181004, -0.236805, 0.316853),(-0.383661, -0.054711, -0.455912, 0.801048)(0.197933, -0.210065, 0.351185),(0.383753, 0.054887, 0.456060, -0.801081)(0.167773, -0.218736, 0.328748),(0.403251, 0.050370, -0.428674, -0.807458)(0.148803, -0.191798, 0.358493),(0.177023, -0.043981, -0.435469, -0.882085)(0.146189, -0.179946, 0.390164),(0.018341, -0.075572, -0.430608, -0.899465)(0.148323, -0.178185, 0.407849),(0.018341, -0.075572, -0.430608, -0.899465)(0.177556, -0.222457, 0.330550),(-0.438378, -0.174736, -0.468545, 0.746832)(0.186966, -0.171040, 0.365386),(-0.012025, 0.101419, 0.363990, -0.925796)(0.179897, -0.169185, 0.400606),(-0.658522, 0.290339, 0.131020, -0.681893)(0.166388, -0.188712, 0.399757),(-0.892471, 0.312799, 0.050029, -0.322053)(0.161558, -0.197715, 0.386715),(-0.892471, 0.312799, 0.050029, -0.322053)(0.183568, -0.227239, 0.331683),(-0.441704, -0.007040, -0.389179, 0.808324)(0.202837, -0.185529, 0.367024),(-0.148745, 0.144994, 0.410212, -0.888030)(0.186948, -0.191607, 0.405274),(-0.766513, 0.427979, 0.142518, -0.457312)(0.169501, -0.208165, 0.389802),(-0.922982, 0.375973, 0.018724, -0.085658)(0.167801, -0.210639, 0.372887),(-0.922982, 0.375973, 0.018724, -0.085658)(0.191571, -0.233552, 0.333871),(-0.365989, 0.073179, -0.336309, 0.864635)(0.210823, -0.203405, 0.371133),(-0.238272, 0.180234, 0.442378, -0.845612)(0.191273, -0.212637, 0.402280),(-0.799749, 0.482184, 0.175517, -0.311802)(0.177875, -0.220226, 0.385144),(-0.896223, 0.440814, 0.041679, -0.034963)(0.175901, -0.220702, 0.366559),(-0.896223, 0.440814, 0.041679, -0.034963)(0.196220, -0.240975, 0.336436),(-0.251654, 0.145921, -0.274836, 0.916429)(0.216395, -0.222030, 0.377740),(-0.338047, 0.250686, 0.486291, -0.765779)(0.198273, -0.228995, 0.394160),(-0.774038, 0.535076, 0.198873, -0.274152)(0.186688, -0.233073, 0.379317),(-0.879970, 0.455097, 0.113194, 0.079115)(0.184794, -0.229470, 0.364995),(-0.879970, 0.455097, 0.113194, 0.079115)(0.000000, 0.000000, 0.000000),(0.000000, 0.000000, 0.000000, 0.000000)
(0.181082, -0.236779, 0.316901),(-0.383648, -0.054656, -0.457107, 0.800375)(0.198053, -0.210073, 0.351245),(0.383742, 0.054833, 0.457257, -0.800407)(0.167888, -0.218667, 0.328774),(0.404492, 0.050161, -0.427385, -0.807533)(0.148936, -0.191630, 0.358424),(0.177473, -0.044152, -0.434171, -0.882626)(0.146337, -0.179744, 0.390080),(0.016749, -0.076084, -0.429144, -0.900153)(0.148513, -0.178032, 0.407757),(0.016749, -0.076084, -0.429144, -0.900153)(0.177661, -0.222417, 0.330592),(-0.438496, -0.174853, -0.469871, 0.745902)(0.187156, -0.171024, 0.365397),(-0.016207, 0.110896, 0.361634, -0.925568)(0.179356, -0.169219, 0.400437),(-0.657223, 0.293506, 0.123880, -0.683124)(0.165927, -0.188870, 0.399579),(-0.888195, 0.310221, 0.046701, -0.336533)(0.161100, -0.198252, 0.386897),(-0.888195, 0.310221, 0.046701, -0.336533)(0.183660, -0.227217, 0.331734),(-0.441692, -0.007030, -0.390579, 0.807656)(0.203002, -0.185543, 0.367076),(-0.147819, 0.149286, 0.408807, -0.888122)(0.186826, -0.191430, 0.405280),(-0.765566, 0.429220, 0.138754, -0.458891)(0.169480, -0.208114, 0.389830),(-0.922599, 0.375841, 0.016152, -0.090759)(0.167797, -0.210780, 0.372949),(-0.922599, 0.375841, 0.016152, -0.090759)(0.191646, -0.233554, 0.333933),(-0.365886, 0.073123, -0.337731, 0.864129)(0.210942, -0.203438, 0.371210),(-0.237137, 0.182713, 0.442132, -0.845528)(0.191269, -0.212520, 0.402343),(-0.799179, 0.483429, 0.173394, -0.312525)(0.177920, -0.220164, 0.385194),(-0.895968, 0.441429, 0.039479, -0.036289)(0.175997, -0.220721, 0.366607),(-0.895968, 0.441429, 0.039479, -0.036289)(0.196272, -0.240988, 0.336507),(-0.251577, 0.145721, -0.276280, 0.916048)(0.216479, -0.222055, 0.377866),(-0.334999, 0.251216, 0.487472, -0.766194)(0.198412, -0.228870, 0.394353),(-0.772393, 0.536003, 0.199310, -0.276649)(0.186765, -0.232989, 0.379569),(-0.879273, 0.456843, 0.114000, 0.075576)(0.184808, -0.229464, 0.365239),(-0.879273, 0.456843, 0.114000, 0.075576)(0.000000, 0.000000, 0.000000),(0.000000, 0.000000, 0.000000, 0.000000)
(0.181083, -0.236819, 0.316695),(-0.382620, -0.055261, -0.458202, 0.800202)(0.197992, -0.210149, 0.351139),(0.382712, 0.055436, 0.458350, -0.800234)(0.167881, -0.218689, 0.328570),(0.403598, 0.050240, -0.426844, -0.808262)(0.148963, -0.191676, 0.358301),(0.177381, -0.043177, -0.433835, -0.882857)(0.146311, -0.179815, 0.389984),(0.017281, -0.074786, -0.429038, -0.900302)(0.148438, -0.178105, 0.407669),(0.017281, -0.074786, -0.429038, -0.900302)(0.177643, -0.222454, 0.330399),(-0.437621, -0.175280, -0.471025, 0.745588)(0.187122, -0.171085, 0.365299),(-0.009116, 0.105144, 0.364742, -0.925117)(0.179890, -0.168934, 0.400442),(-0.653956, 0.292332, 0.129658, -0.685685)(0.166314, -0.188468, 0.399822),(-0.887538, 0.312730, 0.050800, -0.335344)(0.161345, -0.197776, 0.387107),(-0.887538, 0.312730, 0.050800, -0.335344)(0.183629, -0.227261, 0.331552),(-0.440587, -0.007527, -0.391637, 0.807742)(0.202950, -0.185615, 0.367046),(-0.143346, 0.146562, 0.411102, -0.888249)(0.187117, -0.191230, 0.405389),(-0.762593, 0.429177, 0.142376, -0.462754)(0.169544, -0.207914, 0.390203),(-0.921461, 0.377594, 0.019510, -0.094351)(0.167704, -0.210647, 0.373347),(-0.921461, 0.377594, 0.019510, -0.094351)(0.191596, -0.233609, 0.333767),(-0.364654, 0.072372, -0.338699, 0.864334)(0.210856, -0.203521, 0.371217),(-0.233505, 0.181809, 0.443278, -0.846134)(0.191352, -0.212386, 0.402475),(-0.797185, 0.483864, 0.174855, -0.316108)(0.177879, -0.220098, 0.385453),(-0.895158, 0.442527, 0.041286, -0.040671)(0.175824, -0.220768, 0.366886),(-0.895158, 0.442527, 0.041286, -0.040671)(0.196205, -0.241052, 0.336346),(-0.250766, 0.144789, -0.277148, 0.916156)(0.216363, -0.222144, 0.377845),(-0.331266, 0.251305, 0.488343, -0.767232)(0.198396, -0.228804, 0.394420),(-0.770848, 0.536289, 0.199860, -0.279986)(0.186674, -0.232991, 0.379717),(-0.878926, 0.457873, 0.114904, 0.071940)(0.184647, -0.229546, 0.365378),(-0.878926, 0.457873, 0.114904, 0.071940)(0.000000, 0.000000, 0.000000),(0.000000, 0.000000, 0.000000, 0.000000)
(0.180992, -0.236922, 0.316615),(-0.381849, -0.055836, -0.459087, 0.800025)(0.197841, -0.210279, 0.351124),(0.381939, 0.056008, 0.459233, -0.800057)(0.167770, -0.218768, 0.328493),(0.403204, 0.049986, -0.425534, -0.809166)(0.148917, -0.191720, 0.358271),(0.177636, -0.043461, -0.432223, -0.883583)(0.146296, -0.179831, 0.389949),(0.020609, -0.073608, -0.427738, -0.900944)(0.148338, -0.178033, 0.407648),(0.020609, -0.073608, -0.427738, -0.900944)(0.177525, -0.222548, 0.330326),(-0.437015, -0.175603, -0.471876, 0.745329)(0.186995, -0.171188, 0.365295),(0.001050, 0.098607, 0.367586, -0.924756)(0.180471, -0.168514, 0.400518),(-0.649674, 0.290349, 0.135342, -0.689489)(0.166763, -0.187952, 0.400218),(-0.885653, 0.314099, 0.056028, -0.338194)(0.161597, -0.197272, 0.387575),(-0.885653, 0.314099, 0.056028, -0.338194)(0.183502, -0.227363, 0.331485),(-0.439726, -0.007860, -0.392381, 0.807847)(0.202811, -0.185731, 0.367106),(-0.138815, 0.142225, 0.414143, -0.888261)(0.187446, -0.191113, 0.405599),(-0.759890, 0.428930, 0.147265, -0.465888)(0.169610, -0.207746, 0.390658),(-0.920149, 0.379658, 0.024323, -0.097735)(0.167568, -0.210517, 0.373832),(-0.920149, 0.379658, 0.024323, -0.097735)(0.191456, -0.233721, 0.333710),(-0.363730, 0.071746, -0.339423, 0.864491)(0.210681, -0.203655, 0.371288),(-0.232036, 0.179357, 0.445578, -0.845853)(0.191373, -0.212460, 0.402621),(-0.795760, 0.484343, 0.178075, -0.317164)(0.177763, -0.220114, 0.385683),(-0.894190, 0.444085, 0.044279, -0.041812)(0.175588, -0.220769, 0.367128),(-0.894190, 0.444085, 0.044279, -0.041812)(0.196052, -0.241171, 0.336296),(-0.250066, 0.144104, -0.277721, 0.916282)(0.216148, -0.222309, 0.377857),(-0.331529, 0.250656, 0.489272, -0.766738)(0.198218, -0.228965, 0.394415),(-0.770248, 0.536809, 0.201145, -0.279719)(0.186462, -0.233107, 0.379728),(-0.878338, 0.458708, 0.115575, 0.072728)(0.184433, -0.229631, 0.365395),(-0.878338, 0.458708, 0.115575, 0.072728)(0.000000, 0.000000, 0.000000),(0.000000, 0.000000, 0.000000, 0.000000)
(0.180944, -0.236971, 0.316707),(-0.382226, -0.056139, -0.458082, 0.800400)(0.197759, -0.210268, 0.351188),(0.382316, 0.056312, 0.458228, -0.800431)(0.167690, -0.218829, 0.328583),(0.403673, 0.050122, -0.425936, -0.808712)(0.148799, -0.191774, 0.358322),(0.177935, -0.044152, -0.432394, -0.883406)(0.146209, -0.179853, 0.389979),(0.022077, -0.073925, -0.427924, -0.900793)(0.148239, -0.178002, 0.407679),(0.022077, -0.073925, -0.427924, -0.900793)(0.177455, -0.222591, 0.330413),(-0.437246, -0.175976, -0.470911, 0.745715)(0.186841, -0.171192, 0.365336),(0.000145, 0.098194, 0.366863, -0.925087)(0.180323, -0.168596, 0.400538),(-0.653045, 0.290179, 0.133996, -0.686633)(0.166680, -0.188076, 0.400035),(-0.887599, 0.313189, 0.054810, -0.334113)(0.161598, -0.197314, 0.387296),(-0.887599, 0.313189, 0.054810, -0.334113)(0.183443, -0.227393, 0.331571),(-0.440152, -0.008219, -0.391428, 0.808074)(0.202685, -0.185705, 0.367139),(-0.139915, 0.141804, 0.413550, -0.888432)(0.187320, -0.191192, 0.405609),(-0.761041, 0.428406, 0.146915, -0.464601)(0.169533, -0.207815, 0.390592),(-0.920644, 0.378896, 0.024067, -0.096065)(0.167523, -0.210539, 0.373754),(-0.920644, 0.378896, 0.024067, -0.096065)(0.191413, -0.233736, 0.333796),(-0.364245, 0.071511, -0.338459, 0.864672)(0.210595, -0.203608, 0.371328),(-0.232753, 0.178604, 0.445166, -0.846032)(0.191319, -0.212493, 0.402654),(-0.796332, 0.483601, 0.178384, -0.316687)(0.177714, -0.220137, 0.385706),(-0.894525, 0.443426, 0.044747, -0.041131)(0.175534, -0.220763, 0.367151),(-0.894525, 0.443426, 0.044747, -0.041131)(0.196026, -0.241174, 0.336384),(-0.250582, 0.144140, -0.276679, 0.916450)(0.216112, -0.222251, 0.377911),(-0.332008, 0.249196, 0.489059, -0.767143)(0.198237, -0.228966, 0.394479),(-0.770443, 0.536038, 0.202192, -0.279907)(0.186455, -0.233100, 0.379813),(-0.878500, 0.458054, 0.116395, 0.073590)(0.184413, -0.229591, 0.365487),(-0.878500, 0.458054, 0.116395, 0.073590)(0.000000, 0.000000, 0.000000),(0.000000, 0.000000, 0.000000, 0.000000)
(0.180996, -0.236879, 0.316741),(-0.382068, -0.054940, -0.455888, 0.801811)(0.197839, -0.210165, 0.351250),(0.382158, 0.055112, 0.456033, -0.801843)(0.167719, -0.218794, 0.328723),(0.404368, 0.050917, -0.426887, -0.807814)(0.148729, -0.191775, 0.358385),(0.177762, -0.044923, -0.433135, -0.883041)(0.146183, -0.179856, 0.390007),(0.021278, -0.074916, -0.428488, -0.900461)(0.148255, -0.178015, 0.407703),(0.021278, -0.074916, -0.428488, -0.900461)(0.177511, -0.222525, 0.330528),(-0.437050, -0.174922, -0.468677, 0.747484)(0.186821, -0.171164, 0.365516),(0.000072, 0.095974, 0.365133, -0.926004)(0.180446, -0.168645, 0.400731),(-0.655190, 0.287626, 0.133627, -0.685735)(0.166894, -0.188192, 0.400164),(-0.888772, 0.310415, 0.055892, -0.333406)(0.161817, -0.197413, 0.387416),(-0.888772, 0.310415, 0.055892, -0.333406)(0.183533, -0.227310, 0.331659),(-0.440077, -0.007287, -0.388959, 0.809315)(0.202726, -0.185619, 0.367228),(-0.141146, 0.140084, 0.411877, -0.889287)(0.187454, -0.191287, 0.405718),(-0.762312, 0.425948, 0.147365, -0.464634)(0.169700, -0.207955, 0.390710),(-0.921405, 0.376745, 0.025966, -0.096740)(0.167628, -0.210680, 0.373882),(-0.921405, 0.376745, 0.025966, -0.096740)(0.191544, -0.233629, 0.333842),(-0.364203, 0.072545, -0.335987, 0.865567)(0.210726, -0.203496, 0.371354),(-0.233633, 0.176637, 0.443775, -0.846933)(0.191551, -0.212541, 0.402714),(-0.797260, 0.481090, 0.179599, -0.317488)(0.177912, -0.220222, 0.385809),(-0.895252, 0.441529, 0.047353, -0.042782)(0.175621, -0.220864, 0.367273),(-0.895252, 0.441529, 0.047353, -0.042782)(0.196195, -0.241053, 0.336399),(-0.250488, 0.145456, -0.274217, 0.917008)(0.216343, -0.222128, 0.377886),(-0.332851, 0.246817, 0.488209, -0.768088)(0.198530, -0.228966, 0.394496),(-0.771191, 0.533277, 0.204273, -0.281604)(0.186676, -0.233136, 0.379900),(-0.878846, 0.456804, 0.120495, 0.070572)(0.184483, -0.229656, 0.365596),(-0.878846, 0.456804, 0.120495, 0.070572)(0.000000, 0.000000, 0.000000),(0.000000, 0.000000, 0.000000, 0.000000)
(0.181106, -0.236881, 0.316576),(-0.378723, -0.055715, -0.459148, 0.801486)(0.197839, -0.210380, 0.351366),(0.378812, 0.055884, 0.459293, -0.801517)(0.167839, -0.218776, 0.328598),(0.403091, 0.053352, -0.424118, -0.809751)(0.148809, -0.191854, 0.358334),(0.176056, -0.041879, -0.431038, -0.884558)(0.146159, -0.180111, 0.390023),(0.020037, -0.071376, -0.426864, -0.901548)(0.148141, -0.178367, 0.407740),(0.020037, -0.071376, -0.426864, -0.901548)(0.177602, -0.222556, 0.330442),(-0.434143, -0.175145, -0.472045, 0.747006)(0.186918, -0.171386, 0.365752),(0.005107, 0.091434, 0.369350, -0.924776)(0.180982, -0.168621, 0.401052),(-0.651266, 0.287908, 0.139848, -0.688109)(0.167223, -0.188022, 0.400721),(-0.886365, 0.313762, 0.060989, -0.335768)(0.161938, -0.197231, 0.388041),(-0.886365, 0.313762, 0.060989, -0.335768)(0.183594, -0.227369, 0.331589),(-0.436835, -0.008014, -0.392099, 0.809549)(0.202735, -0.185929, 0.367492),(-0.143478, 0.141058, 0.414291, -0.887637)(0.187304, -0.191687, 0.405894),(-0.762224, 0.428365, 0.148388, -0.462223)(0.169499, -0.208204, 0.390773),(-0.920322, 0.379390, 0.026581, -0.096562)(0.167403, -0.210909, 0.373950),(-0.920322, 0.379390, 0.026581, -0.096562)(0.191562, -0.233731, 0.333793),(-0.360848, 0.071313, -0.338826, 0.865968)(0.210624, -0.203864, 0.371572),(-0.236729, 0.178766, 0.445230, -0.844860)(0.191208, -0.212980, 0.402766),(-0.797284, 0.483169, 0.179293, -0.314428)(0.177616, -0.220540, 0.385765),(-0.893916, 0.444021, 0.048155, -0.044033)(0.175278, -0.221203, 0.367251),(-0.893916, 0.444021, 0.048155, -0.044033)(0.196165, -0.241187, 0.336343),(-0.247044, 0.143507, -0.276711, 0.917500)(0.216097, -0.222558, 0.378032),(-0.337080, 0.250445, 0.488423, -0.764926)(0.198038, -0.229428, 0.394440),(-0.771800, 0.534901, 0.202810, -0.277888)(0.186280, -0.233513, 0.379740),(-0.878024, 0.458550, 0.119836, 0.070615)(0.184113, -0.230038, 0.365442),(-0.878024, 0.458550, 0.119836, 0.070615)(0.000000, 0.000000, 0.000000),(0.000000, 0.000000, 0.000000, 0.000000)
(0.180975, -0.236977, 0.316596),(-0.377801, -0.057378, -0.460863, 0.800823)(0.197584, -0.210510, 0.351419),(0.377887, 0.057543, 0.461005, -0.800853)(0.167675, -0.218855, 0.328587),(0.403010, 0.053042, -0.423355, -0.810211)(0.148686, -0.191893, 0.358347),(0.175662, -0.042548, -0.430012, -0.885104)(0.146100, -0.180146, 0.390055),(0.020085, -0.071495, -0.425816, -0.902032)(0.148087, -0.178400, 0.407774),(0.020085, -0.071495, -0.425816, -0.902032)(0.177428, -0.222650, 0.330448),(-0.433447, -0.176134, -0.473222, 0.746433)(0.186692, -0.171467, 0.365808),(0.018570, 0.083402, 0.372414, -0.924134)(0.181640, -0.167995, 0.401281),(-0.638605, 0.284040, 0.149450, -0.699471)(0.167667, -0.187195, 0.401831),(-0.881335, 0.316668, 0.069022, -0.344592)(0.162022, -0.196535, 0.389358),(-0.881335, 0.316668, 0.069022, -0.344592)(0.183408, -0.227470, 0.331612),(-0.436073, -0.009343, -0.393384, 0.809322)(0.202450, -0.186060, 0.367582),(-0.144533, 0.141802, 0.415189, -0.886928)(0.186928, -0.191851, 0.405934),(-0.762300, 0.429605, 0.148366, -0.460954)(0.169119, -0.208307, 0.390744),(-0.919826, 0.380530, 0.026558, -0.096822)(0.167018, -0.211017, 0.373926),(-0.919826, 0.380530, 0.026558, -0.096822)(0.191358, -0.233842, 0.333840),(-0.360292, 0.069699, -0.340088, 0.865836)(0.210272, -0.204030, 0.371626),(-0.240986, 0.181544, 0.444912, -0.843231)(0.190553, -0.213304, 0.402607),(-0.798558, 0.484346, 0.177296, -0.310494)(0.177092, -0.220774, 0.385456),(-0.893157, 0.445313, 0.048445, -0.046033)(0.174713, -0.221494, 0.366973),(-0.893157, 0.445313, 0.048445, -0.046033)(0.195943, -0.241304, 0.336407),(-0.246181, 0.141302, -0.277960, 0.917697)(0.215600, -0.222784, 0.378026),(-0.348445, 0.257769, 0.484554, -0.759845)(0.196952, -0.229935, 0.393987),(-0.776165, 0.536398, 0.195821, -0.267673)(0.185561, -0.233895, 0.378961),(-0.878979, 0.457339, 0.113509, 0.076737)(0.183638, -0.230352, 0.364658),(-0.878979, 0.457339, 0.113509, 0.076737)(0.000000, 0.000000, 0.000000),(0.000000, 0.000000, 0.000000, 0.000000)
(0.180850, -0.237028, 0.316560),(-0.378325, -0.057432, -0.459235, 0.801507)(0.197433, -0.210492, 0.351329),(0.378411, 0.057598, 0.459376, -0.801537)(0.167510, -0.218940, 0.328580),(0.402380, 0.052010, -0.425327, -0.809559)(0.148547, -0.192010, 0.358401),(0.175147, -0.044228, -0.431579, -0.884361)(0.146056, -0.180246, 0.390119),(0.019588, -0.073319, -0.427103, -0.901288)(0.148106, -0.178487, 0.407829),(0.019588, -0.073319, -0.427103, -0.901288)(0.177280, -0.222704, 0.330415),(-0.433771, -0.176306, -0.471539, 0.747269)(0.186435, -0.171482, 0.365724),(0.015880, 0.083967, 0.370545, -0.924884)(0.181261, -0.168181, 0.401238),(-0.637853, 0.282579, 0.148843, -0.700877)(0.167342, -0.187416, 0.401873),(-0.881187, 0.315122, 0.069162, -0.346354)(0.161692, -0.196807, 0.389442),(-0.881187, 0.315122, 0.069162, -0.346354)(0.183277, -0.227505, 0.331566),(-0.436663, -0.009401, -0.391622, 0.809857)(0.202248, -0.186019, 0.367469),(-0.144691, 0.141077, 0.413716, -0.887706)(0.186777, -0.191876, 0.405847),(-0.762503, 0.427800, 0.148418, -0.462277)(0.168981, -0.208409, 0.390728),(-0.920066, 0.378969, 0.028352, -0.100111)(0.166785, -0.211200, 0.373941),(-0.920066, 0.378969, 0.028352, -0.100111)(0.191252, -0.233850, 0.333779),(-0.361057, 0.069800, -0.338358, 0.866187)(0.210125, -0.203972, 0.371474),(-0.242620, 0.181321, 0.443312, -0.843652)(0.190378, -0.213393, 0.402419),(-0.799757, 0.482798, 0.176867, -0.310064)(0.176954, -0.220886, 0.385247),(-0.893803, 0.443843, 0.049208, -0.046865)(0.174538, -0.221625, 0.366776),(-0.893803, 0.443843, 0.049208, -0.046865)(0.195868, -0.241295, 0.336340),(-0.246857, 0.141510, -0.276335, 0.917974)(0.215502, -0.222713, 0.377868),(-0.351208, 0.258747, 0.482169, -0.759758)(0.196733, -0.230000, 0.393754),(-0.778091, 0.534859, 0.193973, -0.266507)(0.185422, -0.233995, 0.378676),(-0.880024, 0.455491, 0.113167, 0.076247)(0.183494, -0.230474, 0.364374),(-0.880024, 0.455491, 0.113167, 0.076247)(0.000000, 0.000000, 0.000000),(0.000000, 0.000000, 0.000000, 0.000000)
(0.180729, -0.237014, 0.316622),(-0.381249, -0.054578, -0.453841, 0.803389)(0.197493, -0.210369, 0.351069),(0.381337, 0.054746, 0.453983, -0.803421)(0.167367, -0.219066, 0.328711),(0.400867, 0.048362, -0.430431, -0.807837)(0.148553, -0.192196, 0.358667),(0.172866, -0.050434, -0.435149, -0.882729)(0.146454, -0.180399, 0.390389),(0.017200, -0.080004, -0.429581, -0.899588)(0.148750, -0.178608, 0.408064),(0.017200, -0.080004, -0.429581, -0.899588)(0.177189, -0.222757, 0.330436),(-0.436200, -0.174061, -0.466047, 0.749822)(0.186338, -0.171438, 0.365567),(0.013682, 0.082037, 0.365923, -0.926930)(0.181210, -0.168355, 0.401160),(-0.635260, 0.276478, 0.148578, -0.705705)(0.167437, -0.187724, 0.402116),(-0.877990, 0.307980, 0.074347, -0.359563)(0.161607, -0.197400, 0.390050),(-0.877990, 0.307980, 0.074347, -0.359563)(0.183237, -0.227516, 0.331518),(-0.439408, -0.006792, -0.385995, 0.811100)(0.202280, -0.185853, 0.367130),(-0.144792, 0.137489, 0.410192, -0.889885)(0.187078, -0.191912, 0.405619),(-0.763604, 0.422472, 0.149519, -0.464998)(0.169301, -0.208610, 0.390665),(-0.921156, 0.374543, 0.033008, -0.105198)(0.166908, -0.211509, 0.373930),(-0.921156, 0.374543, 0.033008, -0.105198)(0.191289, -0.233799, 0.333643),(-0.363859, 0.073070, -0.332990, 0.866825)(0.210348, -0.203733, 0.371064),(-0.241287, 0.177411, 0.440279, -0.846449)(0.190901, -0.213298, 0.402184),(-0.801045, 0.478038, 0.178236, -0.313312)(0.177411, -0.220939, 0.385127),(-0.895425, 0.439751, 0.052703, -0.050551)(0.174823, -0.221754, 0.366688),(-0.895425, 0.439751, 0.052703, -0.050551)(0.195992, -0.241203, 0.336162),(-0.249564, 0.145562, -0.271453, 0.918065)(0.215960, -0.222403, 0.377463),(-0.347798, 0.253583, 0.480930, -0.763841)(0.197452, -0.229771, 0.393602),(-0.778561, 0.530159, 0.196912, -0.272308)(0.185978, -0.233920, 0.378686),(-0.881091, 0.452961, 0.119209, 0.069495)(0.183794, -0.230502, 0.364402),(-0.881091, 0.452961, 0.119209, 0.069495)(0.000000, 0.000000, 0.000000),(0.000000, 0.000000, 0.000000, 0.000000)
(0.180645, -0.237042, 0.316772),(-0.381280, -0.052349, -0.450472, 0.805416)(0.197481, -0.210406, 0.351206),(0.381368, 0.052517, 0.450614, -0.805449)(0.167258, -0.219203, 0.328991),(0.398737, 0.047801, -0.433543, -0.807260)(0.148459, -0.192500, 0.359101),(0.171096, -0.051584, -0.438035, -0.881580)(0.146444, -0.180780, 0.390852),(0.015070, -0.081731, -0.432142, -0.898243)(0.148823, -0.179025, 0.408519),(0.015070, -0.081731, -0.432142, -0.898243)(0.177111, -0.222847, 0.330649),(-0.436044, -0.172227, -0.462926, 0.752265)(0.186200, -0.171582, 0.365878),(0.013795, 0.079256, 0.363232, -0.928228)(0.181252, -0.168580, 0.401496),(-0.635752, 0.272317, 0.148577, -0.706879)(0.167596, -0.188036, 0.402531),(-0.878170, 0.303845, 0.076708, -0.362132)(0.161724, -0.197771, 0.390544),(-0.878170, 0.303845, 0.076708, -0.362132)(0.183193, -0.227578, 0.331680),(-0.439281, -0.004834, -0.382407, 0.812880)(0.202242, -0.185901, 0.367328),(-0.142609, 0.133189, 0.408424, -0.891702)(0.187436, -0.191987, 0.405967),(-0.763150, 0.418078, 0.152114, -0.468855)(0.169578, -0.208813, 0.391267),(-0.921744, 0.371647, 0.037508, -0.108774)(0.167007, -0.211773, 0.374569),(-0.921744, 0.371647, 0.037508, -0.108774)(0.191294, -0.233825, 0.333737),(-0.363571, 0.075289, -0.329356, 0.868143)(0.210445, -0.203735, 0.371205),(-0.237727, 0.172496, 0.439169, -0.849045)(0.191426, -0.213293, 0.402572),(-0.800496, 0.474166, 0.181686, -0.318572)(0.177756, -0.221077, 0.385726),(-0.896169, 0.437072, 0.057462, -0.055210)(0.174936, -0.221976, 0.367324),(-0.896169, 0.437072, 0.057462, -0.055210)(0.196052, -0.241211, 0.336206),(-0.249593, 0.148170, -0.267973, 0.918662)(0.216232, -0.222364, 0.377536),(-0.341521, 0.248218, 0.481339, -0.768166)(0.198090, -0.229663, 0.393976),(-0.777629, 0.526416, 0.200668, -0.279393)(0.186407, -0.233967, 0.379269),(-0.881583, 0.451416, 0.124995, 0.062846)(0.183977, -0.230649, 0.365001),(-0.881583, 0.451416, 0.124995, 0.062846)(0.000000, 0.000000, 0.000000),(0.000000, 0.000000, 0.000000, 0.000000)
(0.180551, -0.237106, 0.316966),(-0.383778, -0.053180, -0.447170, 0.806014)(0.197345, -0.210166, 0.351286),(0.383865, 0.053349, 0.447312, -0.806048)(0.167082, -0.219260, 0.329087),(0.402724, 0.046106, -0.438264, -0.802817)(0.148107, -0.192393, 0.358918),(0.174323, -0.052571, -0.443255, -0.878273)(0.145981, -0.180460, 0.390614),(0.005112, -0.087698, -0.435914, -0.895979)(0.148690, -0.178926, 0.408198),(0.005112, -0.087698, -0.435914, -0.895979)(0.176959, -0.222851, 0.330765),(-0.438096, -0.173851, -0.460141, 0.752408)(0.185859, -0.171343, 0.365703),(0.017714, 0.081858, 0.359700, -0.929311)(0.180835, -0.168034, 0.401238),(-0.634045, 0.271126, 0.144225, -0.709766)(0.167328, -0.187581, 0.402407),(-0.878323, 0.301408, 0.072924, -0.364574)(0.161567, -0.197435, 0.390456),(-0.878323, 0.301408, 0.072924, -0.364574)(0.183073, -0.227550, 0.331815),(-0.441493, -0.005875, -0.379723, 0.812933)(0.202032, -0.185513, 0.367324),(-0.129354, 0.130310, 0.406207, -0.895155)(0.187895, -0.190764, 0.406284),(-0.757296, 0.414229, 0.152881, -0.481347)(0.169875, -0.207978, 0.392286),(-0.921946, 0.369110, 0.038006, -0.115358)(0.167212, -0.211147, 0.375624),(-0.921946, 0.369110, 0.038006, -0.115358)(0.191215, -0.233749, 0.333894),(-0.365405, 0.074616, -0.326694, 0.868437)(0.210429, -0.203186, 0.371547),(-0.213951, 0.166614, 0.437719, -0.857253)(0.192553, -0.211537, 0.403785),(-0.791989, 0.470356, 0.184878, -0.342726)(0.178375, -0.220037, 0.387736),(-0.896479, 0.433817, 0.059481, -0.071409)(0.175227, -0.221455, 0.369384),(-0.896479, 0.433817, 0.059481, -0.071409)(0.196013, -0.241097, 0.336398),(-0.253741, 0.148202, -0.265678, 0.918187)(0.216500, -0.221605, 0.378044),(-0.305667, 0.240285, 0.484194, -0.783839)(0.199590, -0.227801, 0.395582),(-0.766378, 0.521800, 0.206729, -0.312721)(0.187207, -0.232876, 0.381745),(-0.881567, 0.452004, 0.133856, 0.034231)(0.184159, -0.230184, 0.367447),(-0.881567, 0.452004, 0.133856, 0.034231)(0.000000, 0.000000, 0.000000),(0.000000, 0.000000, 0.000000, 0.000000)
(0.180397, -0.236893, 0.316878),(-0.383917, -0.051372, -0.445895, 0.806772)(0.197283, -0.209960, 0.351195),(0.384005, 0.051540, 0.446037, -0.806806)(0.166942, -0.219083, 0.329020),(0.401903, 0.045159, -0.439403, -0.802659)(0.148025, -0.192245, 0.358921),(0.173854, -0.053022, -0.444373, -0.877773)(0.145923, -0.180324, 0.390634),(0.003029, -0.088832, -0.436748, -0.895472)(0.148699, -0.178837, 0.408206),(0.003029, -0.088832, -0.436748, -0.895472)(0.176826, -0.222670, 0.330672),(-0.438238, -0.172811, -0.459422, 0.753004)(0.185783, -0.171171, 0.365653),(0.018658, 0.082251, 0.358791, -0.929609)(0.180761, -0.167798, 0.401131),(-0.633921, 0.270381, 0.143278, -0.710353)(0.167302, -0.187374, 0.402326),(-0.878580, 0.300450, 0.072274, -0.364878)(0.161568, -0.197251, 0.390378),(-0.878580, 0.300450, 0.072274, -0.364878)(0.182944, -0.227368, 0.331702),(-0.441112, -0.004127, -0.378519, 0.813711)(0.202079, -0.185208, 0.367419),(-0.106715, 0.122011, 0.406946, -0.898967)(0.189314, -0.189065, 0.406913),(-0.745717, 0.408949, 0.159486, -0.501379)(0.170802, -0.206695, 0.394165),(-0.919586, 0.368409, 0.045883, -0.132425)(0.167680, -0.210297, 0.377660),(-0.919586, 0.368409, 0.045883, -0.132425)(0.191094, -0.233564, 0.333758),(-0.364449, 0.076214, -0.325532, 0.869136)(0.210563, -0.202821, 0.371812),(-0.189061, 0.158624, 0.438532, -0.864176)(0.193994, -0.209887, 0.404884),(-0.781687, 0.466936, 0.191012, -0.366838)(0.179223, -0.218986, 0.389735),(-0.895299, 0.432238, 0.064838, -0.089033)(0.175612, -0.220911, 0.371484),(-0.895299, 0.432238, 0.064838, -0.089033)(0.195903, -0.240910, 0.336246),(-0.254547, 0.149831, -0.264907, 0.917922)(0.216700, -0.221229, 0.378128),(-0.283569, 0.234176, 0.487165, -0.792109)(0.200578, -0.226735, 0.396298),(-0.758741, 0.518882, 0.212234, -0.331916)(0.187757, -0.232188, 0.383037),(-0.880673, 0.452699, 0.140330, 0.018822)(0.184334, -0.229808, 0.368755),(-0.880673, 0.452699, 0.140330, 0.018822)(0.000000, 0.000000, 0.000000),(0.000000, 0.000000, 0.000000, 0.000000)
(0.180466, -0.236898, 0.316778),(-0.382543, -0.051992, -0.447438, 0.806532)(0.197283, -0.210047, 0.351205),(0.382630, 0.052159, 0.447578, -0.806565)(0.166987, -0.219053, 0.328923),(0.402749, 0.045267, -0.437175, -0.803447)(0.148098, -0.192112, 0.358773),(0.175050, -0.052740, -0.442024, -0.878741)(0.145975, -0.180127, 0.390457),(0.004914, -0.087500, -0.434692, -0.896592)(0.148683, -0.178606, 0.408040),(0.004914, -0.087500, -0.434692, -0.896592)(0.176862, -0.222673, 0.330592),(-0.437149, -0.173103, -0.461001, 0.752605)(0.185827, -0.171232, 0.365692),(0.029812, 0.078670, 0.360646, -0.928910)(0.181343, -0.167199, 0.401152),(-0.628117, 0.269266, 0.146804, -0.715195)(0.167812, -0.186661, 0.402722),(-0.877535, 0.302879, 0.073658, -0.365102)(0.161995, -0.196533, 0.390759),(-0.877535, 0.302879, 0.073658, -0.365102)(0.182970, -0.227390, 0.331631),(-0.439704, -0.004539, -0.379957, 0.813802)(0.202095, -0.185300, 0.367527),(-0.102604, 0.120861, 0.408405, -0.898939)(0.189551, -0.188872, 0.407093),(-0.743295, 0.409384, 0.161182, -0.504070)(0.170923, -0.206494, 0.394537),(-0.919483, 0.369723, 0.045073, -0.129728)(0.167852, -0.210022, 0.377992),(-0.919483, 0.369723, 0.045073, -0.129728)(0.191104, -0.233612, 0.333699),(-0.362960, 0.075408, -0.326900, 0.869316)(0.210522, -0.202949, 0.371920),(-0.188117, 0.158604, 0.439752, -0.863766)(0.193982, -0.209930, 0.405002),(-0.780611, 0.467845, 0.191881, -0.367516)(0.179162, -0.219007, 0.389893),(-0.895132, 0.433095, 0.064111, -0.087049)(0.175603, -0.220876, 0.371615),(-0.895132, 0.433095, 0.064111, -0.087049)(0.195889, -0.240972, 0.336192),(-0.253204, 0.148873, -0.266032, 0.918124)(0.216603, -0.221392, 0.378193),(-0.283581, 0.233939, 0.488416, -0.791403)(0.200480, -0.226880, 0.396369),(-0.757544, 0.519263, 0.214363, -0.332686)(0.187597, -0.232290, 0.383173),(-0.880243, 0.453299, 0.140813, 0.020827)(0.184189, -0.229847, 0.368889),(-0.880243, 0.453299, 0.140813, 0.020827)(0.000000, 0.000000, 0.000000),(0.000000, 0.000000, 0.000000, 0.000000)
(0.180576, -0.237057, 0.316638),(-0.381769, -0.053962, -0.448671, 0.806087)(0.197247, -0.210180, 0.351140),(0.381854, 0.054126, 0.448809, -0.806120)(0.167041, -0.219168, 0.328754),(0.404286, 0.045826, -0.435981, -0.803293)(0.148092, -0.192133, 0.358497),(0.176791, -0.052165, -0.440907, -0.878989)(0.145897, -0.180062, 0.390145),(0.006562, -0.086493, -0.433810, -0.897105)(0.148549, -0.178507, 0.407733),(0.006562, -0.086493, -0.433810, -0.897105)(0.176912, -0.222797, 0.330458),(-0.436525, -0.174412, -0.461814, 0.752167)(0.185774, -0.171332, 0.365579),(0.038344, 0.070670, 0.363730, -0.928037)(0.182054, -0.166916, 0.401131),(-0.624659, 0.267284, 0.154033, -0.717442)(0.168403, -0.186204, 0.402953),(-0.879042, 0.307069, 0.077003, -0.357203)(0.162493, -0.195857, 0.390771),(-0.879042, 0.307069, 0.077003, -0.357203)(0.183017, -0.227517, 0.331522),(-0.439128, -0.006174, -0.380894, 0.813664)(0.201999, -0.185436, 0.367457),(-0.105731, 0.120477, 0.410091, -0.897860)(0.189380, -0.189227, 0.406956),(-0.744449, 0.410683, 0.162569, -0.500854)(0.170722, -0.206699, 0.394244),(-0.919645, 0.371267, 0.044671, -0.124166)(0.167727, -0.210055, 0.377644),(-0.919645, 0.371267, 0.044671, -0.124166)(0.191143, -0.233743, 0.333622),(-0.362494, 0.073530, -0.327768, 0.869344)(0.210393, -0.203086, 0.371881),(-0.190393, 0.160007, 0.439955, -0.862904)(0.193693, -0.210153, 0.404865),(-0.781354, 0.468825, 0.190967, -0.365157)(0.178933, -0.219170, 0.389660),(-0.895064, 0.433754, 0.063002, -0.085258)(0.175439, -0.220994, 0.371367),(-0.895064, 0.433754, 0.063002, -0.085258)(0.195916, -0.241103, 0.336138),(-0.252567, 0.146747, -0.266721, 0.918442)(0.216385, -0.221578, 0.378127),(-0.291682, 0.237267, 0.487011, -0.788329)(0.199934, -0.227296, 0.396054),(-0.760379, 0.520806, 0.211445, -0.325601)(0.187235, -0.232581, 0.382631),(-0.880978, 0.452746, 0.136702, 0.027878)(0.184026, -0.230011, 0.368324),(-0.880978, 0.452746, 0.136702, 0.027878)(0.000000, 0.000000, 0.000000),(0.000000, 0.000000, 0.000000, 0.000000)
(0.180958, -0.237575, 0.315953),(-0.380893, -0.057906, -0.452012, 0.804362)(0.197394, -0.210603, 0.350611),(0.380976, 0.058068, 0.452148, -0.804393)(0.167363, -0.219523, 0.327972),(0.407082, 0.046728, -0.431453, -0.804275)(0.148376, -0.192235, 0.357542),(0.183491, -0.048425, -0.436976, -0.879793)(0.145808, -0.179876, 0.389062),(0.018546, -0.080032, -0.431487, -0.898649)(0.148076, -0.178041, 0.406699),(0.018546, -0.080032, -0.431487, -0.898649)(0.177208, -0.223193, 0.329758),(-0.435890, -0.177670, -0.464952, 0.749836)(0.185950, -0.171646, 0.364810),(0.049534, 0.071015, 0.366060, -0.926564)(0.182515, -0.166465, 0.400302),(-0.615953, 0.268880, 0.155950, -0.723930)(0.168750, -0.185589, 0.402593),(-0.875766, 0.311079, 0.076245, -0.361906)(0.162764, -0.195353, 0.390500),(-0.875766, 0.311079, 0.076245, -0.361906)(0.183284, -0.227932, 0.330886),(-0.438476, -0.009570, -0.384346, 0.812358)(0.202096, -0.185818, 0.366888),(-0.104200, 0.124158, 0.411532, -0.896878)(0.189253, -0.189345, 0.406334),(-0.742340, 0.414020, 0.160938, -0.501761)(0.170572, -0.206799, 0.393646),(-0.918667, 0.373841, 0.041412, -0.124827)(0.167661, -0.210210, 0.377040),(-0.918667, 0.373841, 0.041412, -0.124827)(0.191368, -0.234187, 0.333075),(-0.362007, 0.069707, -0.331121, 0.868591)(0.210372, -0.203497, 0.371426),(-0.190911, 0.164649, 0.440642, -0.861565)(0.193360, -0.210417, 0.404282),(-0.780513, 0.472051, 0.188077, -0.364298)(0.178676, -0.219422, 0.388998),(-0.894248, 0.435992, 0.059238, -0.085094)(0.175305, -0.221295, 0.370687),(-0.894248, 0.435992, 0.059238, -0.085094)(0.196091, -0.241559, 0.335654),(-0.252224, 0.142503, -0.269777, 0.918312)(0.216212, -0.222017, 0.377744),(-0.294990, 0.242673, 0.486452, -0.785793)(0.199474, -0.227714, 0.395479),(-0.760438, 0.523830, 0.208111, -0.322746)(0.186894, -0.232958, 0.381934),(-0.880826, 0.454248, 0.132128, 0.030189)(0.183838, -0.230383, 0.367595),(-0.880826, 0.454248, 0.132128, 0.030189)(0.000000, 0.000000, 0.000000),(0.000000, 0.000000, 0.000000, 0.000000)
(0.181168, -0.237885, 0.315715),(-0.380233, -0.059193, -0.453965, 0.803479)(0.197534, -0.210943, 0.350430),(0.380317, 0.059356, 0.454102, -0.803509)(0.167577, -0.219791, 0.327658),(0.408066, 0.048232, -0.428545, -0.805242)(0.148545, -0.192442, 0.357145),(0.184859, -0.046584, -0.434324, -0.880919)(0.145864, -0.180054, 0.388632),(0.023346, -0.076713, -0.429556, -0.899748)(0.147958, -0.178118, 0.406294),(0.023346, -0.076713, -0.429556, -0.899748)(0.177401, -0.223489, 0.329489),(-0.435335, -0.178876, -0.467047, 0.748568)(0.186141, -0.171945, 0.364549),(0.049008, 0.073706, 0.367387, -0.925856)(0.182521, -0.166725, 0.400007),(-0.616183, 0.271803, 0.154948, -0.722857)(0.168700, -0.185814, 0.402209),(-0.875947, 0.313399, 0.073735, -0.359983)(0.162778, -0.195547, 0.390054),(-0.875947, 0.313399, 0.073735, -0.359983)(0.183457, -0.228245, 0.330648),(-0.437863, -0.010848, -0.386579, 0.811613)(0.202238, -0.186161, 0.366715),(-0.104051, 0.126338, 0.412620, -0.896090)(0.189237, -0.189583, 0.406114),(-0.741669, 0.416260, 0.159929, -0.501224)(0.170553, -0.206999, 0.393377),(-0.918122, 0.375510, 0.039423, -0.124471)(0.167704, -0.210420, 0.376762),(-0.918122, 0.375510, 0.039423, -0.124471)(0.191511, -0.234522, 0.332877),(-0.361391, 0.068232, -0.333272, 0.868142)(0.210445, -0.203857, 0.371314),(-0.190378, 0.166792, 0.441491, -0.860836)(0.193312, -0.210648, 0.404126),(-0.779719, 0.474051, 0.186827, -0.364046)(0.178652, -0.219641, 0.388812),(-0.893701, 0.437483, 0.057136, -0.084633)(0.175355, -0.221528, 0.370487),(-0.893701, 0.437483, 0.057136, -0.084633)(0.196199, -0.241907, 0.335482),(-0.251797, 0.140842, -0.271762, 0.918100)(0.216225, -0.222371, 0.377691),(-0.292170, 0.244089, 0.487468, -0.785779)(0.199515, -0.227900, 0.395444),(-0.758933, 0.525618, 0.207371, -0.323857)(0.186925, -0.233157, 0.381916),(-0.880394, 0.455628, 0.130318, 0.029890)(0.183915, -0.230609, 0.367559),(-0.880394, 0.455628, 0.130318, 0.029890)(0.000000, 0.000000, 0.000000),(0.000000, 0.000000, 0.000000, 0.000000)
(0.181244, -0.238070, 0.315692),(-0.379836, -0.060013, -0.455530, 0.802721)(0.197577, -0.211162, 0.350444),(0.379919, 0.060174, 0.455667, -0.802750)(0.167661, -0.219930, 0.327589),(0.409393, 0.049048, -0.426009, -0.805866)(0.148613, -0.192488, 0.356968),(0.185805, -0.046105, -0.431723, -0.882024)(0.145913, -0.180058, 0.388418),(0.026173, -0.075129, -0.427300, -0.900874)(0.147918, -0.178060, 0.406093),(0.026173, -0.075129, -0.427300, -0.900874)(0.177472, -0.223657, 0.329452),(-0.435079, -0.179464, -0.468640, 0.747580)(0.186250, -0.172121, 0.364513),(0.052473, 0.074126, 0.368676, -0.925120)(0.182704, -0.166656, 0.399931),(-0.615062, 0.273280, 0.155242, -0.723191)(0.168842, -0.185682, 0.402158),(-0.876789, 0.316000, 0.071603, -0.356072)(0.162981, -0.195342, 0.389880),(-0.876789, 0.316000, 0.071603, -0.356072)(0.183513, -0.228430, 0.330629),(-0.437523, -0.011661, -0.388366, 0.810931)(0.202279, -0.186408, 0.366700),(-0.108253, 0.129312, 0.413379, -0.894817)(0.188914, -0.190023, 0.405976),(-0.744178, 0.419186, 0.157722, -0.495735)(0.170357, -0.207295, 0.392893),(-0.919598, 0.376713, 0.032574, -0.111134)(0.167887, -0.210391, 0.376135),(-0.919598, 0.376713, 0.032574, -0.111134)(0.191545, -0.234730, 0.332884),(-0.361082, 0.067301, -0.335016, 0.867672)(0.210426, -0.204124, 0.371314),(-0.193853, 0.169225, 0.442249, -0.859195)(0.193024, -0.211028, 0.403975),(-0.781160, 0.476304, 0.184838, -0.358996)(0.178500, -0.219886, 0.388463),(-0.894673, 0.438106, 0.051510, -0.074058)(0.175557, -0.221515, 0.370031),(-0.894673, 0.438106, 0.051510, -0.074058)(0.196206, -0.242126, 0.335505),(-0.251365, 0.139884, -0.273295, 0.917910)(0.216172, -0.222626, 0.377772),(-0.291958, 0.244732, 0.488539, -0.784991)(0.199452, -0.228101, 0.395497),(-0.759498, 0.528531, 0.205242, -0.319112)(0.186988, -0.233244, 0.381827),(-0.881669, 0.454321, 0.122206, 0.043337)(0.184361, -0.230451, 0.367408),(-0.881669, 0.454321, 0.122206, 0.043337)(0.000000, 0.000000, 0.000000),(0.000000, 0.000000, 0.000000, 0.000000)
(0.181263, -0.237954, 0.315839),(-0.380149, -0.060292, -0.455073, 0.802809)(0.197578, -0.211045, 0.350522),(0.380233, 0.060456, 0.455212, -0.802839)(0.167664, -0.219838, 0.327724),(0.409404, 0.048079, -0.428087, -0.804816)(0.148614, -0.192406, 0.357111),(0.184993, -0.046999, -0.433880, -0.881089)(0.145960, -0.179995, 0.388596),(0.019953, -0.078028, -0.428743, -0.900107)(0.148148, -0.178152, 0.406243),(0.019953, -0.078028, -0.428743, -0.900107)(0.177481, -0.223554, 0.329580),(-0.435214, -0.179672, -0.468110, 0.747783)(0.186209, -0.172023, 0.364597),(0.042608, 0.078145, 0.367453, -0.925783)(0.182124, -0.167112, 0.400049),(-0.622155, 0.275713, 0.151494, -0.716969)(0.168330, -0.186211, 0.401797),(-0.881931, 0.316840, 0.065764, -0.343547)(0.162744, -0.195636, 0.389183),(-0.881931, 0.316840, 0.065764, -0.343547)(0.183528, -0.228321, 0.330753),(-0.438037, -0.012028, -0.387979, 0.810833)(0.202222, -0.186331, 0.366691),(-0.118503, 0.132653, 0.412300, -0.893527)(0.188262, -0.190599, 0.405752),(-0.750168, 0.420908, 0.154415, -0.486199)(0.169979, -0.207691, 0.392080),(-0.921886, 0.375921, 0.025939, -0.095391)(0.167922, -0.210385, 0.375186),(-0.921886, 0.375921, 0.025939, -0.095391)(0.191569, -0.234611, 0.333002),(-0.361888, 0.067100, -0.334655, 0.867491)(0.210358, -0.204069, 0.371199),(-0.206096, 0.172361, 0.441320, -0.856195)(0.192365, -0.211642, 0.403472),(-0.786805, 0.477282, 0.181805, -0.346710)(0.178159, -0.220204, 0.387514),(-0.896817, 0.436985, 0.045262, -0.056763)(0.175706, -0.221364, 0.368959),(-0.896817, 0.436985, 0.045262, -0.056763)(0.196240, -0.242001, 0.335623),(-0.251344, 0.139857, -0.272773, 0.918075)(0.216124, -0.222557, 0.377748),(-0.301404, 0.246260, 0.487024, -0.781879)(0.199097, -0.228364, 0.395237),(-0.763326, 0.529382, 0.202935, -0.309914)(0.186849, -0.233323, 0.381311),(-0.882880, 0.451953, 0.117031, 0.055836)(0.184517, -0.230276, 0.366883),(-0.882880, 0.451953, 0.117031, 0.055836)(0.000000, 0.000000, 0.000000),(0.000000, 0.000000, 0.000000, 0.000000)
(0.181197, -0.237820, 0.316119),(-0.380576, -0.060868, -0.453794, 0.803281)(0.197461, -0.210892, 0.350687),(0.380663, 0.061038, 0.453938, -0.803312)(0.167559, -0.219755, 0.328014),(0.409639, 0.046568, -0.432788, -0.802265)(0.148449, -0.192362, 0.357395),(0.184183, -0.047722, -0.439100, -0.878629)(0.145786, -0.179975, 0.388936),(0.007068, -0.083341, -0.432534, -0.898020)(0.148328, -0.178459, 0.406516),(0.007068, -0.083341, -0.432534, -0.898020)(0.177392, -0.223439, 0.329855),(-0.435241, -0.180171, -0.466612, 0.748583)(0.185963, -0.171940, 0.364797),(0.015166, 0.090107, 0.363300, -0.927190)(0.180336, -0.168565, 0.400248),(-0.639418, 0.281702, 0.140420, -0.701542)(0.166754, -0.187889, 0.400809),(-0.890993, 0.315820, 0.053378, -0.322646)(0.161748, -0.196929, 0.387682),(-0.890993, 0.315820, 0.053378, -0.322646)(0.183459, -0.228188, 0.331017),(-0.439004, -0.012766, -0.386670, 0.810925)(0.201981, -0.186248, 0.366703),(-0.138268, 0.139860, 0.408786, -0.891199)(0.186830, -0.191771, 0.405286),(-0.761102, 0.423202, 0.147001, -0.469218)(0.169119, -0.208587, 0.390562),(-0.925010, 0.373331, 0.016307, -0.075165)(0.167633, -0.210774, 0.373533),(-0.925010, 0.373331, 0.016307, -0.075165)(0.191527, -0.234452, 0.333252),(-0.363548, 0.066728, -0.333380, 0.867317)(0.210120, -0.204024, 0.370981),(-0.229518, 0.178784, 0.438247, -0.850478)(0.190985, -0.212873, 0.402441),(-0.797421, 0.478114, 0.175272, -0.323931)(0.177420, -0.220905, 0.385674),(-0.899720, 0.434483, 0.035884, -0.030597)(0.175708, -0.221346, 0.366999),(-0.899720, 0.434483, 0.035884, -0.030597)(0.196228, -0.241826, 0.335866),(-0.251066, 0.139676, -0.271222, 0.918638)(0.215858, -0.222560, 0.377589),(-0.328783, 0.251194, 0.481942, -0.772367)(0.197921, -0.229322, 0.394323),(-0.773171, 0.530116, 0.197648, -0.286821)(0.186213, -0.233816, 0.379784),(-0.884417, 0.447428, 0.109036, 0.079146)(0.184390, -0.230274, 0.365397),(-0.884417, 0.447428, 0.109036, 0.079146)(0.000000, 0.000000, 0.000000),(0.000000, 0.000000, 0.000000, 0.000000)
(0.181400, -0.237737, 0.316138),(-0.380858, -0.061872, -0.453728, 0.803109)(0.197601, -0.210738, 0.350690),(0.380945, 0.062041, 0.453871, -0.803140)(0.167735, -0.219659, 0.328010),(0.410305, 0.046761, -0.433092, -0.801749)(0.148576, -0.192245, 0.357342),(0.184947, -0.047646, -0.439448, -0.878298)(0.145880, -0.179818, 0.388865),(0.007898, -0.083324, -0.432930, -0.897824)(0.148408, -0.178274, 0.406444),(0.007898, -0.083324, -0.432930, -0.897824)(0.177570, -0.223330, 0.329864),(-0.435479, -0.181016, -0.466264, 0.748458)(0.186060, -0.171771, 0.364744),(0.017181, 0.090061, 0.362877, -0.927325)(0.180485, -0.168263, 0.400205),(-0.637235, 0.281165, 0.140570, -0.703710)(0.166906, -0.187576, 0.400912),(-0.890390, 0.315835, 0.053301, -0.324302)(0.161884, -0.196662, 0.387815),(-0.890390, 0.315835, 0.053301, -0.324302)(0.183641, -0.228070, 0.331038),(-0.439404, -0.013608, -0.386415, 0.810816)(0.202088, -0.186062, 0.366679),(-0.137665, 0.140484, 0.408093, -0.891512)(0.186911, -0.191532, 0.405271),(-0.760591, 0.422913, 0.146391, -0.470495)(0.169210, -0.208405, 0.390607),(-0.925009, 0.372917, 0.016261, -0.077229)(0.167701, -0.210658, 0.373590),(-0.925009, 0.372917, 0.016261, -0.077229)(0.191714, -0.234322, 0.333288),(-0.364135, 0.065863, -0.333173, 0.867216)(0.210225, -0.203839, 0.370954),(-0.230831, 0.180309, 0.437085, -0.850399)(0.190959, -0.212742, 0.402345),(-0.798114, 0.477987, 0.173686, -0.323264)(0.177463, -0.220795, 0.385532),(-0.900075, 0.433867, 0.034595, -0.030370)(0.175799, -0.221251, 0.366855),(-0.900075, 0.433867, 0.034595, -0.030370)(0.196420, -0.241688, 0.335915),(-0.251523, 0.138673, -0.271080, 0.918706)(0.215923, -0.222395, 0.377546),(-0.334633, 0.254552, 0.479385, -0.770343)(0.197696, -0.229335, 0.394071),(-0.775639, 0.530203, 0.194127, -0.282368)(0.186161, -0.233795, 0.379379),(-0.885152, 0.446231, 0.106293, 0.081371)(0.184436, -0.230235, 0.364992),(-0.885152, 0.446231, 0.106293, 0.081371)(0.000000, 0.000000, 0.000000),(0.000000, 0.000000, 0.000000, 0.000000)
(0.181151, -0.237745, 0.316504),(-0.382316, -0.062200, -0.453234, 0.802670)(0.197387, -0.210587, 0.351020),(0.382403, 0.062369, 0.453376, -0.802701)(0.167500, -0.219591, 0.328394),(0.410766, 0.045103, -0.434350, -0.800927)(0.148398, -0.192112, 0.357709),(0.185105, -0.049523, -0.440344, -0.877712)(0.145794, -0.179620, 0.389226),(0.006578, -0.085807, -0.433332, -0.897408)(0.148420, -0.178080, 0.406785),(0.006578, -0.085807, -0.433332, -0.897408)(0.177340, -0.223251, 0.330240),(-0.436849, -0.181319, -0.465511, 0.748055)(0.185848, -0.171589, 0.364953),(0.015908, 0.090563, 0.362469, -0.927458)(0.180201, -0.168154, 0.400434),(-0.636212, 0.280924, 0.140548, -0.704736)(0.166616, -0.187476, 0.401210),(-0.889089, 0.315121, 0.054350, -0.328362)(0.161535, -0.196651, 0.388217),(-0.889089, 0.315121, 0.054350, -0.328362)(0.183414, -0.227980, 0.331421),(-0.440886, -0.013697, -0.385873, 0.810268)(0.201891, -0.185861, 0.366908),(-0.135941, 0.140260, 0.407837, -0.891929)(0.186786, -0.191218, 0.405547),(-0.758821, 0.422143, 0.146985, -0.473849)(0.169003, -0.208191, 0.391064),(-0.923645, 0.373100, 0.021328, -0.090403)(0.167165, -0.210791, 0.374151),(-0.923645, 0.373100, 0.021328, -0.090403)(0.191491, -0.234221, 0.333679),(-0.365729, 0.065898, -0.332806, 0.866684)(0.210033, -0.203629, 0.371203),(-0.230284, 0.180560, 0.436694, -0.850695)(0.190767, -0.212501, 0.402613),(-0.797557, 0.477598, 0.173843, -0.325126)(0.177229, -0.220618, 0.385850),(-0.898916, 0.434992, 0.039209, -0.041122)(0.175238, -0.221356, 0.367248),(-0.898916, 0.434992, 0.039209, -0.041122)(0.196205, -0.241578, 0.336319),(-0.253046, 0.138726, -0.270951, 0.918318)(0.215720, -0.222179, 0.377820),(-0.336214, 0.256281, 0.477992, -0.769947)(0.197375, -0.229166, 0.394282),(-0.775735, 0.529396, 0.193540, -0.284017)(0.185825, -0.233698, 0.379609),(-0.884761, 0.447625, 0.109692, 0.073045)(0.183907, -0.230313, 0.365226),(-0.884761, 0.447625, 0.109692, 0.073045)(0.000000, 0.000000, 0.000000),(0.000000, 0.000000, 0.000000, 0.000000)
(0.180943, -0.237643, 0.316948),(-0.382539, -0.061842, -0.453066, 0.802684)(0.197214, -0.210489, 0.351446),(0.382627, 0.062013, 0.453210, -0.802716)(0.167309, -0.219483, 0.328856),(0.410896, 0.043294, -0.437499, -0.799243)(0.148227, -0.192006, 0.358167),(0.182521, -0.051533, -0.443582, -0.876506)(0.145775, -0.179598, 0.389767),(-0.007427, -0.091049, -0.434449, -0.896849)(0.148801, -0.178415, 0.407242),(-0.007427, -0.091049, -0.434449, -0.896849)(0.177150, -0.223145, 0.330694),(-0.436991, -0.181055, -0.465410, 0.748099)(0.185680, -0.171510, 0.365386),(0.004342, 0.094213, 0.361833, -0.927469)(0.179483, -0.168757, 0.400852),(-0.642736, 0.283290, 0.137621, -0.698418)(0.165932, -0.188153, 0.401170),(-0.890549, 0.314248, 0.052691, -0.325507)(0.160946, -0.197261, 0.388135),(-0.890549, 0.314248, 0.052691, -0.325507)(0.183225, -0.227875, 0.331869),(-0.441189, -0.013415, -0.385815, 0.810135)(0.201722, -0.185784, 0.367294),(-0.140225, 0.141263, 0.407732, -0.891154)(0.186399, -0.191422, 0.405830),(-0.760288, 0.422507, 0.146648, -0.471270)(0.168662, -0.208337, 0.391195),(-0.923058, 0.373352, 0.023604, -0.094707)(0.166698, -0.211039, 0.374330),(-0.923058, 0.373352, 0.023604, -0.094707)(0.191303, -0.234117, 0.334120),(-0.366117, 0.066268, -0.332780, 0.866502)(0.209859, -0.203561, 0.371548),(-0.234404, 0.181271, 0.436681, -0.849424)(0.190416, -0.212658, 0.402813),(-0.798901, 0.477724, 0.173691, -0.321703)(0.176942, -0.220674, 0.385942),(-0.898351, 0.435795, 0.041282, -0.042895)(0.174855, -0.221434, 0.367372),(-0.898351, 0.435795, 0.041282, -0.042895)(0.196019, -0.241475, 0.336755),(-0.253050, 0.139158, -0.270900, 0.918267)(0.215541, -0.222118, 0.378179),(-0.340024, 0.256477, 0.477729, -0.768371)(0.197093, -0.229237, 0.394529),(-0.776514, 0.529237, 0.194066, -0.281818)(0.185564, -0.233703, 0.379811),(-0.884214, 0.448377, 0.111532, 0.072263)(0.183592, -0.230315, 0.365447),(-0.884214, 0.448377, 0.111532, 0.072263)(0.000000, 0.000000, 0.000000),(0.000000, 0.000000, 0.000000, 0.000000)
(0.180812, -0.237674, 0.317073),(-0.382348, -0.061740, -0.452649, 0.803016)(0.197076, -0.210543, 0.351575),(0.382437, 0.061913, 0.452794, -0.803048)(0.167179, -0.219543, 0.329007),(0.411074, 0.044785, -0.435901, -0.799943)(0.148047, -0.192090, 0.358283),(0.182626, -0.051433, -0.441661, -0.877461)(0.145615, -0.179688, 0.389846),(-0.001472, -0.089639, -0.433565, -0.896949)(0.148483, -0.178347, 0.407361),(-0.001472, -0.089639, -0.433565, -0.896949)(0.177025, -0.223197, 0.330844),(-0.436721, -0.181038, -0.465043, 0.748489)(0.185509, -0.171597, 0.365552),(-0.002798, 0.096712, 0.360774, -0.927630)(0.178955, -0.169264, 0.400994),(-0.645573, 0.283966, 0.135156, -0.696005)(0.165427, -0.188773, 0.401121),(-0.887243, 0.310367, 0.055644, -0.337531)(0.160303, -0.198129, 0.388427),(-0.887243, 0.310367, 0.055644, -0.337531)(0.183108, -0.227924, 0.332016),(-0.441226, -0.013619, -0.385502, 0.810261)(0.201541, -0.185886, 0.367376),(-0.148704, 0.143920, 0.406585, -0.889878)(0.185744, -0.192070, 0.405682),(-0.763998, 0.423167, 0.144495, -0.465307)(0.168185, -0.208881, 0.390683),(-0.922932, 0.372915, 0.024677, -0.097352)(0.166157, -0.211650, 0.373859),(-0.922932, 0.372915, 0.024677, -0.097352)(0.191196, -0.234161, 0.334258),(-0.366416, 0.066209, -0.332423, 0.866516)(0.209685, -0.203669, 0.371546),(-0.243135, 0.183452, 0.435620, -0.847043)(0.189837, -0.213241, 0.402478),(-0.802255, 0.477689, 0.172017, -0.314223)(0.176559, -0.221069, 0.385356),(-0.898143, 0.436139, 0.042612, -0.042451)(0.174438, -0.221791, 0.366817),(-0.898143, 0.436139, 0.042612, -0.042451)(0.195919, -0.241515, 0.336885),(-0.252751, 0.139238, -0.270369, 0.918494)(0.215399, -0.222207, 0.378254),(-0.344643, 0.256823, 0.476820, -0.766760)(0.196836, -0.229493, 0.394454),(-0.777824, 0.528573, 0.194141, -0.279390)(0.185346, -0.233906, 0.379675),(-0.883708, 0.449116, 0.114297, 0.069484)(0.183269, -0.230557, 0.365336),(-0.883708, 0.449116, 0.114297, 0.069484)(0.000000, 0.000000, 0.000000),(0.000000, 0.000000, 0.000000, 0.000000)
(0.180774, -0.237671, 0.317183),(-0.383405, -0.061692, -0.454327, 0.801567)(0.197133, -0.210542, 0.351591),(0.383494, 0.061865, 0.454472, -0.801599)(0.167216, -0.219493, 0.329022),(0.411674, 0.044728, -0.434868, -0.800198)(0.148108, -0.191992, 0.358244),(0.182538, -0.050927, -0.440868, -0.877905)(0.145660, -0.179607, 0.389814),(-0.002447, -0.089575, -0.432713, -0.897367)(0.148542, -0.178301, 0.407326),(-0.002447, -0.089575, -0.432713, -0.897367)(0.177041, -0.223173, 0.330883),(-0.437874, -0.180920, -0.466474, 0.746951)(0.185719, -0.171513, 0.365476),(-0.001963, 0.097536, 0.362530, -0.926861)(0.179137, -0.169090, 0.400907),(-0.644542, 0.285755, 0.135926, -0.696078)(0.165533, -0.188544, 0.401049),(-0.886523, 0.312442, 0.055404, -0.337547)(0.160393, -0.197892, 0.388353),(-0.886523, 0.312442, 0.055404, -0.337547)(0.183102, -0.227918, 0.332073),(-0.442183, -0.013433, -0.387295, 0.808886)(0.201688, -0.185867, 0.367335),(-0.148071, 0.145277, 0.408073, -0.889082)(0.185802, -0.191930, 0.405629),(-0.762904, 0.425140, 0.144427, -0.465324)(0.168200, -0.208699, 0.390629),(-0.922044, 0.374827, 0.024133, -0.098555)(0.166169, -0.211508, 0.373813),(-0.922044, 0.374827, 0.024133, -0.098555)(0.191160, -0.234178, 0.334339),(-0.367336, 0.066363, -0.334392, 0.865357)(0.209756, -0.203674, 0.371546),(-0.242493, 0.185032, 0.436918, -0.846215)(0.189813, -0.213121, 0.402462),(-0.801235, 0.479683, 0.171516, -0.314062)(0.176535, -0.220924, 0.385326),(-0.897153, 0.438115, 0.041985, -0.043626)(0.174414, -0.221690, 0.366793),(-0.897153, 0.438115, 0.041985, -0.043626)(0.195852, -0.241545, 0.336988),(-0.253536, 0.139205, -0.272515, 0.917648)(0.215385, -0.222221, 0.378305),(-0.344085, 0.258661, 0.477750, -0.765813)(0.196764, -0.229409, 0.394472),(-0.777021, 0.530864, 0.192827, -0.278187)(0.185314, -0.233789, 0.379644),(-0.882961, 0.451024, 0.112448, 0.069630)(0.183295, -0.230456, 0.365294),(-0.882961, 0.451024, 0.112448, 0.069630)(0.000000, 0.000000, 0.000000),(0.000000, 0.000000, 0.000000, 0.000000)
(0.180821, -0.237663, 0.317123),(-0.383820, -0.061716, -0.454102, 0.801493)(0.197185, -0.210524, 0.351468),(0.383910, 0.061889, 0.454248, -0.801525)(0.167275, -0.219533, 0.328900),(0.410441, 0.045495, -0.436416, -0.799944)(0.148110, -0.192169, 0.358200),(0.180884, -0.049765, -0.442948, -0.877263)(0.145613, -0.179912, 0.389835),(-0.005142, -0.088851, -0.434340, -0.897143)(0.148538, -0.178690, 0.407339),(-0.005142, -0.088851, -0.434340, -0.897143)(0.177095, -0.223194, 0.330769),(-0.438154, -0.181160, -0.466305, 0.746835)(0.185763, -0.171486, 0.365333),(-0.000288, 0.097218, 0.362487, -0.926913)(0.179255, -0.168962, 0.400720),(-0.647870, 0.286339, 0.134684, -0.692983)(0.165711, -0.188415, 0.400642),(-0.890693, 0.313795, 0.051309, -0.325772)(0.160779, -0.197525, 0.387638),(-0.890693, 0.313795, 0.051309, -0.325772)(0.183151, -0.227932, 0.331966),(-0.442499, -0.013573, -0.387168, 0.808772)(0.201742, -0.185828, 0.367214),(-0.145978, 0.144666, 0.408093, -0.889518)(0.185976, -0.191757, 0.405551),(-0.762947, 0.425168, 0.143990, -0.465364)(0.168391, -0.208541, 0.390545),(-0.922624, 0.374533, 0.022082, -0.094628)(0.166474, -0.211256, 0.373691),(-0.922624, 0.374533, 0.022082, -0.094628)(0.191204, -0.234179, 0.334242),(-0.367616, 0.066371, -0.334234, 0.865298)(0.209822, -0.203623, 0.371462),(-0.239813, 0.184125, 0.437156, -0.847053)(0.190027, -0.212931, 0.402475),(-0.800806, 0.479810, 0.171353, -0.315049)(0.176736, -0.220767, 0.385366),(-0.897508, 0.437735, 0.040400, -0.041584)(0.174700, -0.221492, 0.366809),(-0.897508, 0.437735, 0.040400, -0.041584)(0.195898, -0.241542, 0.336897),(-0.254027, 0.139298, -0.272407, 0.917530)(0.215469, -0.222158, 0.378227),(-0.341202, 0.257715, 0.478302, -0.767076)(0.196980, -0.229251, 0.394477),(-0.776884, 0.531777, 0.191694, -0.277611)(0.185565, -0.233630, 0.379616),(-0.883485, 0.450150, 0.109091, 0.073848)(0.183685, -0.230230, 0.365249),(-0.883485, 0.450150, 0.109091, 0.073848)(0.000000, 0.000000, 0.000000),(0.000000, 0.000000, 0.000000, 0.000000)
(0.180736, -0.237505, 0.316895),(-0.383886, -0.060590, -0.455607, 0.800695)(0.197227, -0.210443, 0.351251),(0.383975, 0.060762, 0.455751, -0.800726)(0.167281, -0.219347, 0.328673),(0.408790, 0.045868, -0.433132, -0.802549)(0.148258, -0.192003, 0.358093),(0.180119, -0.049585, -0.439189, -0.879318)(0.145828, -0.179792, 0.389729),(0.003708, -0.086018, -0.431971, -0.898064)(0.148508, -0.178344, 0.407295),(0.003708, -0.086018, -0.431971, -0.898064)(0.177082, -0.223042, 0.330533),(-0.438484, -0.180132, -0.467834, 0.745933)(0.185975, -0.171351, 0.365126),(0.007998, 0.094108, 0.364979, -0.926222)(0.179900, -0.168339, 0.400536),(-0.643225, 0.285855, 0.138605, -0.696727)(0.166252, -0.187674, 0.400755),(-0.890178, 0.316855, 0.052527, -0.324021)(0.161259, -0.196730, 0.387688),(-0.890178, 0.316855, 0.052527, -0.324021)(0.183113, -0.227800, 0.331728),(-0.442298, -0.012441, -0.388733, 0.808149)(0.201904, -0.185749, 0.367041),(-0.140770, 0.143128, 0.410328, -0.889578)(0.186413, -0.191313, 0.405516),(-0.760422, 0.426108, 0.146046, -0.467987)(0.168682, -0.208075, 0.390694),(-0.922648, 0.376166, 0.019795, -0.088160)(0.166913, -0.210617, 0.373774),(-0.922648, 0.376166, 0.019795, -0.088160)(0.191135, -0.234077, 0.334003),(-0.367038, 0.067398, -0.335844, 0.864841)(0.209929, -0.203561, 0.371346),(-0.233251, 0.182624, 0.439442, -0.848027)(0.190414, -0.212473, 0.402605),(-0.797668, 0.481094, 0.173324, -0.319936)(0.176954, -0.220386, 0.385678),(-0.897362, 0.438501, 0.038277, -0.038572)(0.175034, -0.221046, 0.367073),(-0.897362, 0.438501, 0.038277, -0.038572)(0.195800, -0.241459, 0.336655),(-0.253863, 0.140142, -0.274191, 0.916915)(0.215546, -0.222088, 0.378112),(-0.331855, 0.256047, 0.481607, -0.769664)(0.197349, -0.228823, 0.394649),(-0.773961, 0.534041, 0.192326, -0.280971)(0.185850, -0.233238, 0.379879),(-0.883540, 0.450218, 0.104681, 0.078978)(0.184152, -0.229756, 0.365479),(-0.883540, 0.450218, 0.104681, 0.078978)(0.000000, 0.000000, 0.000000),(0.000000, 0.000000, 0.000000, 0.000000)
(0.180557, -0.237320, 0.317109),(-0.384424, -0.059509, -0.455982, 0.800303)(0.197157, -0.210325, 0.351381),(0.384514, 0.059682, 0.456127, -0.800334)(0.167160, -0.219191, 0.328832),(0.408284, 0.045788, -0.433778, -0.802461)(0.148146, -0.191896, 0.358279),(0.178804, -0.048978, -0.440251, -0.879087)(0.145705, -0.179777, 0.389960),(-0.001140, -0.087010, -0.432626, -0.897665)(0.148488, -0.178468, 0.407506),(-0.001140, -0.087010, -0.432626, -0.897665)(0.176951, -0.222897, 0.330692),(-0.438993, -0.179288, -0.468371, 0.745500)(0.185992, -0.171219, 0.365267),(0.003692, 0.096258, 0.365225, -0.925931)(0.179663, -0.168438, 0.400648),(-0.646223, 0.287669, 0.137246, -0.693467)(0.166028, -0.187768, 0.400636),(-0.892274, 0.318111, 0.049645, -0.317422)(0.161170, -0.196686, 0.387407),(-0.892274, 0.318111, 0.049645, -0.317422)(0.182971, -0.227666, 0.331883),(-0.442667, -0.011535, -0.389369, 0.807654)(0.201895, -0.185648, 0.367158),(-0.141666, 0.143985, 0.410753, -0.889101)(0.186307, -0.191240, 0.405600),(-0.762283, 0.427658, 0.144653, -0.463963)(0.168700, -0.207876, 0.390560),(-0.924713, 0.375931, 0.010200, -0.066306)(0.167516, -0.209859, 0.373474),(-0.924713, 0.375931, 0.010200, -0.066306)(0.190980, -0.233954, 0.334154),(-0.367230, 0.068423, -0.336514, 0.864419)(0.209907, -0.203458, 0.371491),(-0.231341, 0.182138, 0.440479, -0.848117)(0.190471, -0.212250, 0.402824),(-0.797586, 0.482339, 0.172845, -0.318523)(0.177057, -0.220101, 0.385866),(-0.899524, 0.436228, 0.027586, -0.017022)(0.175843, -0.220218, 0.367114),(-0.899524, 0.436228, 0.027586, -0.017022)(0.195632, -0.241346, 0.336802),(-0.254141, 0.141218, -0.274966, 0.916441)(0.215543, -0.221957, 0.378308),(-0.325364, 0.254068, 0.483920, -0.771637)(0.197572, -0.228469, 0.395064),(-0.773238, 0.536719, 0.190927, -0.278806)(0.186156, -0.232814, 0.380251),(-0.884833, 0.446586, 0.093723, 0.096828)(0.184967, -0.229001, 0.365827),(-0.884833, 0.446586, 0.093723, 0.096828)(0.000000, 0.000000, 0.000000),(0.000000, 0.000000, 0.000000, 0.000000)
(0.180558, -0.237449, 0.317077),(-0.383668, -0.062291, -0.459232, 0.798594)(0.197016, -0.210428, 0.351452),(0.383758, 0.062464, 0.459377, -0.798624)(0.167156, -0.219209, 0.328680),(0.411029, 0.047228, -0.430866, -0.802544)(0.148040, -0.191758, 0.357915),(0.181246, -0.046588, -0.438009, -0.879837)(0.145412, -0.179560, 0.389559),(-0.000515, -0.084724, -0.430787, -0.898769)(0.148115, -0.178273, 0.407111),(-0.000515, -0.084724, -0.430787, -0.898769)(0.176916, -0.222955, 0.330625),(-0.438426, -0.181694, -0.471547, 0.743245)(0.185925, -0.171239, 0.365154),(0.004341, 0.099901, 0.367303, -0.924720)(0.179379, -0.168304, 0.400484),(-0.644741, 0.291748, 0.136321, -0.693325)(0.165651, -0.187566, 0.400450),(-0.891143, 0.321439, 0.046887, -0.317667)(0.160838, -0.196504, 0.387216),(-0.891143, 0.321439, 0.046887, -0.317667)(0.182905, -0.227748, 0.331874),(-0.442085, -0.014087, -0.392887, 0.806227)(0.201746, -0.185736, 0.367201),(-0.141739, 0.148054, 0.412126, -0.887785)(0.185854, -0.191161, 0.405540),(-0.761451, 0.431389, 0.142290, -0.462603)(0.168294, -0.207741, 0.390392),(-0.924017, 0.378215, 0.005444, -0.063520)(0.167292, -0.209695, 0.373286),(-0.924017, 0.378215, 0.005444, -0.063520)(0.190868, -0.234067, 0.334221),(-0.366742, 0.065530, -0.339964, 0.863499)(0.209642, -0.203575, 0.371633),(-0.231742, 0.186416, 0.441318, -0.846640)(0.189925, -0.212211, 0.402832),(-0.796845, 0.485590, 0.169919, -0.317009)(0.176610, -0.220036, 0.385783),(-0.898610, 0.438371, 0.023621, -0.016139)(0.175544, -0.220185, 0.367022),(-0.898610, 0.438371, 0.023621, -0.016139)(0.195466, -0.241474, 0.336921),(-0.253763, 0.137927, -0.278179, 0.916077)(0.215135, -0.222088, 0.378527),(-0.326455, 0.258454, 0.484023, -0.769653)(0.196985, -0.228504, 0.395137),(-0.772504, 0.539642, 0.188137, -0.277090)(0.185660, -0.232826, 0.380247),(-0.884167, 0.448586, 0.090251, 0.096961)(0.184572, -0.229054, 0.365807),(-0.884167, 0.448586, 0.090251, 0.096961)(0.000000, 0.000000, 0.000000),(0.000000, 0.000000, 0.000000, 0.000000)
(0.180560, -0.237500, 0.317147),(-0.384719, -0.063462, -0.459080, 0.798084)(0.196971, -0.210365, 0.351438),(0.384808, 0.063635, 0.459225, -0.798114)(0.167133, -0.219232, 0.328685),(0.412236, 0.046342, -0.431852, -0.801446)(0.148003, -0.191707, 0.357838),(0.181553, -0.048050, -0.438770, -0.879315)(0.145442, -0.179448, 0.389473),(-0.002464, -0.086195, -0.430708, -0.899161)(0.148248, -0.178192, 0.407002),(-0.002464, -0.086195, -0.430708, -0.899161)(0.176894, -0.222966, 0.330643),(-0.439360, -0.182765, -0.471140, 0.742689)(0.185850, -0.171137, 0.365022),(0.006338, 0.098889, 0.367571, -0.924710)(0.179423, -0.168093, 0.400371),(-0.643949, 0.291518, 0.137023, -0.694019)(0.165681, -0.187337, 0.400392),(-0.891096, 0.321867, 0.047145, -0.317325)(0.160857, -0.196265, 0.387146),(-0.891096, 0.321867, 0.047145, -0.317325)(0.182885, -0.227751, 0.331910),(-0.443189, -0.015071, -0.392718, 0.805685)(0.201677, -0.185621, 0.367119),(-0.140759, 0.147907, 0.412251, -0.887907)(0.185832, -0.190976, 0.405470),(-0.761017, 0.431495, 0.142261, -0.463226)(0.168253, -0.207576, 0.390350),(-0.923721, 0.378462, 0.006251, -0.066221)(0.167190, -0.209604, 0.373260),(-0.923721, 0.378462, 0.006251, -0.066221)(0.190850, -0.234058, 0.334281),(-0.367995, 0.064598, -0.339895, 0.863064)(0.209575, -0.203445, 0.371600),(-0.231305, 0.186884, 0.441029, -0.846807)(0.189849, -0.212042, 0.402794),(-0.796756, 0.485738, 0.169261, -0.317356)(0.176546, -0.219893, 0.385742),(-0.898348, 0.438752, 0.024263, -0.019190)(0.175409, -0.220135, 0.366997),(-0.898348, 0.438752, 0.024263, -0.019190)(0.195452, -0.241453, 0.337006),(-0.255016, 0.137063, -0.278169, 0.915862)(0.215045, -0.221963, 0.378512),(-0.329373, 0.260076, 0.482675, -0.768709)(0.196765, -0.228465, 0.395009),(-0.773283, 0.539735, 0.186728, -0.275686)(0.185499, -0.232784, 0.380061),(-0.884186, 0.448856, 0.090145, 0.095628)(0.184398, -0.229050, 0.365622),(-0.884186, 0.448856, 0.090145, 0.095628)(0.000000, 0.000000, 0.000000),(0.000000, 0.000000, 0.000000, 0.000000)
(0.180763, -0.237811, 0.316859),(-0.383240, -0.068268, -0.464332, 0.795358)(0.196901, -0.210661, 0.351282),(0.383328, 0.068439, 0.464476, -0.795386)(0.167336, -0.219421, 0.328213),(0.412862, 0.047120, -0.428701, -0.802768)(0.148219, -0.191793, 0.357341),(0.181270, -0.046836, -0.435861, -0.880884)(0.145631, -0.179559, 0.389036),(-0.001703, -0.084111, -0.428172, -0.900561)(0.148363, -0.178319, 0.406579),(-0.001703, -0.084111, -0.428172, -0.900561)(0.177041, -0.223208, 0.330276),(-0.438159, -0.187144, -0.476275, 0.739024)(0.185890, -0.171289, 0.364599),(0.016600, 0.100204, 0.371907, -0.922706)(0.179668, -0.167497, 0.399907),(-0.636332, 0.295521, 0.139147, -0.698912)(0.165713, -0.186580, 0.400278),(-0.886723, 0.327017, 0.046956, -0.324248)(0.160772, -0.195662, 0.387177),(-0.886723, 0.327017, 0.046956, -0.324248)(0.182971, -0.228022, 0.331633),(-0.441995, -0.019672, -0.398354, 0.803472)(0.201576, -0.185887, 0.366952),(-0.140228, 0.153685, 0.414639, -0.885896)(0.185326, -0.190946, 0.405149),(-0.759303, 0.437138, 0.138996, -0.461739)(0.167784, -0.207479, 0.389891),(-0.921970, 0.382416, 0.001708, -0.068184)(0.166831, -0.209624, 0.372815),(-0.921970, 0.382416, 0.001708, -0.068184)(0.190850, -0.234367, 0.334124),(-0.366975, 0.059585, -0.345297, 0.861713)(0.209286, -0.203755, 0.371582),(-0.232180, 0.193782, 0.442127, -0.844441)(0.189108, -0.212119, 0.402540),(-0.795637, 0.490718, 0.164473, -0.315010)(0.175966, -0.219939, 0.385341),(-0.896396, 0.442777, 0.020185, -0.022480)(0.174911, -0.220353, 0.366612),(-0.896396, 0.442777, 0.020185, -0.022480)(0.195365, -0.241784, 0.336934),(-0.254184, 0.131379, -0.283142, 0.915402)(0.214516, -0.222310, 0.378589),(-0.333182, 0.267670, 0.482119, -0.764800)(0.195886, -0.228722, 0.394771),(-0.772860, 0.544296, 0.181527, -0.271346)(0.184815, -0.232987, 0.379652),(-0.883099, 0.452006, 0.084587, 0.095912)(0.183877, -0.229317, 0.365195),(-0.883099, 0.452006, 0.084587, 0.095912)(0.000000, 0.000000, 0.000000),(0.000000, 0.000000, 0.000000, 0.000000)
(0.180616, -0.237703, 0.316853),(-0.383982, -0.065799, -0.461909, 0.796617)(0.196901, -0.210564, 0.351216),(0.384071, 0.065971, 0.462053, -0.796646)(0.167212, -0.219372, 0.328324),(0.410504, 0.045463, -0.431190, -0.802740)(0.148210, -0.191858, 0.357642),(0.179332, -0.048784, -0.437857, -0.880184)(0.145769, -0.179684, 0.389375),(-0.003185, -0.086320, -0.429728, -0.899607)(0.148592, -0.178452, 0.406906),(-0.003185, -0.086320, -0.429728, -0.899607)(0.176940, -0.223134, 0.330318),(-0.438767, -0.185065, -0.473986, 0.740657)(0.185853, -0.171255, 0.364665),(0.013246, 0.099796, 0.369769, -0.923663)(0.179569, -0.167717, 0.399934),(-0.641457, 0.293861, 0.136713, -0.695399)(0.165740, -0.186933, 0.400041),(-0.888057, 0.323036, 0.047591, -0.324500)(0.160826, -0.196019, 0.386971),(-0.888057, 0.323036, 0.047591, -0.324500)(0.182892, -0.227933, 0.331627),(-0.442580, -0.017364, -0.395786, 0.804472)(0.201605, -0.185803, 0.366897),(-0.139730, 0.150476, 0.413780, -0.886927)(0.185609, -0.190959, 0.405186),(-0.758518, 0.433860, 0.141673, -0.465293)(0.167932, -0.207606, 0.390139),(-0.920539, 0.381600, 0.012897, -0.088134)(0.166368, -0.210227, 0.373214),(-0.920539, 0.381600, 0.012897, -0.088134)(0.190804, -0.234259, 0.334057),(-0.367439, 0.062177, -0.342805, 0.862327)(0.209399, -0.203655, 0.371451),(-0.231455, 0.190207, 0.441884, -0.845579)(0.189467, -0.212114, 0.402531),(-0.795709, 0.488220, 0.167419, -0.317152)(0.176197, -0.219971, 0.385430),(-0.895718, 0.442985, 0.028556, -0.033643)(0.174680, -0.220618, 0.366775),(-0.895718, 0.442985, 0.028556, -0.033643)(0.195359, -0.241667, 0.336824),(-0.254524, 0.134313, -0.280849, 0.915588)(0.214736, -0.222205, 0.378395),(-0.332009, 0.263594, 0.482747, -0.766328)(0.196297, -0.228677, 0.394697),(-0.772357, 0.541520, 0.185811, -0.275399)(0.185037, -0.232991, 0.379710),(-0.882412, 0.453546, 0.093459, 0.086261)(0.183742, -0.229458, 0.365268),(-0.882412, 0.453546, 0.093459, 0.086261)(0.000000, 0.000000, 0.000000),(0.000000, 0.000000, 0.000000, 0.000000)
(0.180471, -0.237760, 0.316842),(-0.389097, -0.063222, -0.452352, 0.799820)(0.196898, -0.210206, 0.350820),(0.389186, 0.063396, 0.452496, -0.799851)(0.166972, -0.219577, 0.328443),(0.408633, 0.041082, -0.440616, -0.798802)(0.148023, -0.192200, 0.357938),(0.179647, -0.054376, -0.446113, -0.875634)(0.145790, -0.179864, 0.389629),(-0.002392, -0.093453, -0.436859, -0.895455)(0.148815, -0.178473, 0.407114),(-0.002392, -0.093453, -0.436859, -0.895455)(0.176788, -0.223182, 0.330296),(-0.442892, -0.183542, -0.464347, 0.744675)(0.185458, -0.171014, 0.364253),(0.015077, 0.096029, 0.361439, -0.927324)(0.179442, -0.167510, 0.399555),(-0.640657, 0.284137, 0.133569, -0.700767)(0.165924, -0.187021, 0.399978),(-0.885186, 0.310513, 0.053838, -0.343048)(0.160797, -0.196537, 0.387397),(-0.885186, 0.310513, 0.053838, -0.343048)(0.182833, -0.227883, 0.331531),(-0.447484, -0.015068, -0.385978, 0.806568)(0.201478, -0.185298, 0.366312),(-0.134247, 0.143067, 0.407680, -0.891811)(0.186232, -0.190431, 0.404903),(-0.758516, 0.424233, 0.143535, -0.473529)(0.168526, -0.207473, 0.390325),(-0.922239, 0.373979, 0.021423, -0.100533)(0.166556, -0.210384, 0.373501),(-0.922239, 0.373979, 0.021423, -0.100533)(0.190880, -0.234077, 0.333860),(-0.372571, 0.065659, -0.333326, 0.863582)(0.209629, -0.202997, 0.370850),(-0.224980, 0.181872, 0.437076, -0.851638)(0.190455, -0.211485, 0.402373),(-0.796322, 0.479753, 0.170915, -0.326531)(0.176968, -0.219684, 0.385602),(-0.898180, 0.436411, 0.036558, -0.044468)(0.175011, -0.220574, 0.367008),(-0.898180, 0.436411, 0.036558, -0.044468)(0.195591, -0.241403, 0.336587),(-0.260048, 0.139367, -0.272011, 0.915949)(0.215392, -0.221413, 0.377803),(-0.324086, 0.253912, 0.480276, -0.774499)(0.197528, -0.227957, 0.394562),(-0.772309, 0.533286, 0.191219, -0.287627)(0.185941, -0.232582, 0.379915),(-0.884444, 0.449489, 0.104388, 0.073190)(0.184167, -0.229255, 0.365482),(-0.884444, 0.449489, 0.104388, 0.073190)(0.000000, 0.000000, 0.000000),(0.000000, 0.000000, 0.000000, 0.000000)
(0.180338, -0.237777, 0.316638),(-0.390087, -0.059615, -0.447608, 0.802280)(0.196937, -0.210193, 0.350542),(0.390176, 0.059789, 0.447752, -0.802313)(0.166835, -0.219705, 0.328428),(0.405426, 0.038441, -0.445200, -0.798026)(0.148033, -0.192490, 0.358182),(0.177329, -0.057574, -0.449933, -0.873946)(0.146008, -0.180198, 0.389910),(-0.004956, -0.097347, -0.439908, -0.893535)(0.149190, -0.178818, 0.407367),(-0.004956, -0.097347, -0.439908, -0.893535)(0.176695, -0.223254, 0.330170),(-0.443632, -0.180629, -0.459906, 0.747696)(0.185364, -0.171121, 0.364177),(0.013886, 0.092651, 0.357876, -0.929067)(0.179529, -0.167808, 0.399513),(-0.640776, 0.278414, 0.133587, -0.702949)(0.166142, -0.187468, 0.400083),(-0.882203, 0.303066, 0.060236, -0.356069)(0.160807, -0.197245, 0.387873),(-0.882203, 0.303066, 0.060236, -0.356069)(0.182783, -0.227921, 0.331330),(-0.448148, -0.011729, -0.380958, 0.808639)(0.201531, -0.185265, 0.366098),(-0.127199, 0.135756, 0.405793, -0.894842)(0.187067, -0.190172, 0.404986),(-0.755960, 0.417748, 0.148050, -0.481916)(0.169157, -0.207459, 0.390936),(-0.921750, 0.370490, 0.031272, -0.114478)(0.166712, -0.210684, 0.374246),(-0.921750, 0.370490, 0.031272, -0.114478)(0.190894, -0.234070, 0.333560),(-0.372928, 0.069390, -0.328381, 0.865029)(0.209866, -0.202901, 0.370582),(-0.216597, 0.174145, 0.436043, -0.855945)(0.191451, -0.211178, 0.402554),(-0.793990, 0.474380, 0.176528, -0.336906)(0.177628, -0.219643, 0.386187),(-0.898109, 0.433910, 0.046492, -0.058826)(0.175110, -0.220856, 0.367695),(-0.898109, 0.433910, 0.046492, -0.058826)(0.195680, -0.241371, 0.336220),(-0.260939, 0.143693, -0.267444, 0.916371)(0.215858, -0.221272, 0.377410),(-0.314211, 0.246070, 0.481198, -0.780503)(0.198541, -0.227670, 0.394599),(-0.769626, 0.527568, 0.198162, -0.300376)(0.186571, -0.232545, 0.380341),(-0.884131, 0.449410, 0.116719, 0.057102)(0.184259, -0.229481, 0.365940),(-0.884131, 0.449410, 0.116719, 0.057102)(0.000000, 0.000000, 0.000000),(0.000000, 0.000000, 0.000000, 0.000000)
(0.180380, -0.237865, 0.316593),(-0.389725, -0.059539, -0.448291, 0.802082)(0.196985, -0.210310, 0.350531),(0.389813, 0.059711, 0.448434, -0.802114)(0.166890, -0.219784, 0.328381),(0.405242, 0.038522, -0.444529, -0.798490)(0.148101, -0.192550, 0.358163),(0.179627, -0.055117, -0.449902, -0.873650)(0.145858, -0.180195, 0.389868),(-0.001954, -0.094649, -0.440523, -0.893538)(0.148908, -0.178760, 0.407346),(-0.001954, -0.094649, -0.440523, -0.893538)(0.176744, -0.223344, 0.330129),(-0.443427, -0.180490, -0.460524, 0.747471)(0.185457, -0.171218, 0.364178),(0.020274, 0.089323, 0.359412, -0.928682)(0.180013, -0.167553, 0.399542),(-0.637118, 0.277303, 0.137033, -0.706042)(0.166557, -0.187126, 0.400363),(-0.881920, 0.304968, 0.061919, -0.354853)(0.161153, -0.196860, 0.388109),(-0.881920, 0.304968, 0.061919, -0.354853)(0.182825, -0.228019, 0.331292),(-0.447684, -0.011560, -0.381514, 0.808636)(0.201620, -0.185364, 0.366150),(-0.121673, 0.133685, 0.406977, -0.895385)(0.187490, -0.189917, 0.405172),(-0.752823, 0.417236, 0.150316, -0.486547)(0.169414, -0.207264, 0.391418),(-0.920797, 0.371311, 0.033579, -0.118779)(0.166840, -0.210592, 0.374765),(-0.920797, 0.371311, 0.033579, -0.118779)(0.190926, -0.234177, 0.333527),(-0.372348, 0.069368, -0.328955, 0.865063)(0.209930, -0.203013, 0.370654),(-0.212949, 0.172898, 0.437092, -0.856578)(0.191705, -0.211085, 0.402752),(-0.792005, 0.474513, 0.178192, -0.340494)(0.177757, -0.219613, 0.386524),(-0.897360, 0.434714, 0.048351, -0.062709)(0.175114, -0.220923, 0.368057),(-0.897360, 0.434714, 0.048351, -0.062709)(0.195702, -0.241486, 0.336189),(-0.260637, 0.143545, -0.268042, 0.916306)(0.215891, -0.221401, 0.377438),(-0.311860, 0.245823, 0.482000, -0.781028)(0.198644, -0.227703, 0.394687),(-0.768477, 0.527802, 0.198926, -0.302394)(0.186617, -0.232607, 0.380489),(-0.883763, 0.450175, 0.117466, 0.055226)(0.184263, -0.229580, 0.366086),(-0.883763, 0.450175, 0.117466, 0.055226)(0.000000, 0.000000, 0.000000),(0.000000, 0.000000, 0.000000, 0.000000)
(0.180419, -0.237862, 0.316530),(-0.388943, -0.059286, -0.448899, 0.802141)(0.197028, -0.210370, 0.350533),(0.389031, 0.059458, 0.449041, -0.802173)(0.166945, -0.219786, 0.328337),(0.404893, 0.039665, -0.442820, -0.799560)(0.148148, -0.192580, 0.358135),(0.179531, -0.054229, -0.448187, -0.874606)(0.145880, -0.180259, 0.389833),(0.001664, -0.093081, -0.439746, -0.893587)(0.148801, -0.178744, 0.407342),(0.001664, -0.093081, -0.439746, -0.893587)(0.176793, -0.223359, 0.330091),(-0.442761, -0.180315, -0.461257, 0.747456)(0.185525, -0.171289, 0.364222),(0.018901, 0.090913, 0.359400, -0.928561)(0.179938, -0.167674, 0.399588),(-0.635740, 0.277893, 0.136787, -0.707099)(0.166464, -0.187230, 0.400477),(-0.881140, 0.305463, 0.061467, -0.356437)(0.161053, -0.197005, 0.388259),(-0.881140, 0.305463, 0.061467, -0.356437)(0.182870, -0.228041, 0.331254),(-0.446898, -0.011414, -0.382134, 0.808781)(0.201681, -0.185444, 0.366206),(-0.120992, 0.134086, 0.407150, -0.895339)(0.187536, -0.189932, 0.405251),(-0.751417, 0.417177, 0.150986, -0.488557)(0.169407, -0.207303, 0.391628),(-0.920496, 0.371677, 0.033891, -0.119883)(0.166807, -0.210660, 0.374983),(-0.920496, 0.371677, 0.033891, -0.119883)(0.190962, -0.234211, 0.333488),(-0.371442, 0.069423, -0.329493, 0.865243)(0.209977, -0.203101, 0.370715),(-0.211473, 0.172729, 0.437522, -0.856758)(0.191798, -0.211083, 0.402872),(-0.790641, 0.474436, 0.179368, -0.343144)(0.177763, -0.219659, 0.386749),(-0.897047, 0.434984, 0.049270, -0.064590)(0.175058, -0.221017, 0.368290),(-0.897047, 0.434984, 0.049270, -0.064590)(0.195727, -0.241528, 0.336144),(-0.259853, 0.143464, -0.268535, 0.916397)(0.215917, -0.221503, 0.377467),(-0.310557, 0.245701, 0.482659, -0.781179)(0.198687, -0.227753, 0.394766),(-0.767362, 0.527430, 0.200512, -0.304815)(0.186583, -0.232684, 0.380656),(-0.883384, 0.450725, 0.119180, 0.053112)(0.184158, -0.229688, 0.366259),(-0.883384, 0.450725, 0.119180, 0.053112)(0.000000, 0.000000, 0.000000),(0.000000, 0.000000, 0.000000, 0.000000)
(0.180353, -0.237631, 0.316231),(-0.383638, -0.056899, -0.448165, 0.805274)(0.196903, -0.210499, 0.350656),(0.383726, 0.057069, 0.448307, -0.805306)(0.166830, -0.219682, 0.328351),(0.401154, 0.044749, -0.436940, -0.804402)(0.148007, -0.192746, 0.358379),(0.178277, -0.051441, -0.441707, -0.878326)(0.145709, -0.180600, 0.390034),(0.020705, -0.082281, -0.436022, -0.896205)(0.148009, -0.178646, 0.407680),(0.020705, -0.082281, -0.436022, -0.896205)(0.176696, -0.223265, 0.330050),(-0.437780, -0.177794, -0.461283, 0.750971)(0.185295, -0.171640, 0.364830),(0.010752, 0.090860, 0.357770, -0.929326)(0.179480, -0.168573, 0.400298),(-0.635394, 0.275672, 0.137964, -0.708051)(0.166037, -0.188144, 0.401265),(-0.881026, 0.303875, 0.063581, -0.357699)(0.160572, -0.197935, 0.389088),(-0.881026, 0.303875, 0.063581, -0.357699)(0.182794, -0.227950, 0.331147),(-0.441761, -0.009530, -0.381035, 0.812138)(0.201481, -0.185779, 0.366611),(-0.128726, 0.134373, 0.404988, -0.895198)(0.187057, -0.190866, 0.405542),(-0.755510, 0.415320, 0.150373, -0.483997)(0.169087, -0.208176, 0.391661),(-0.922305, 0.369218, 0.033413, -0.113541)(0.166590, -0.211349, 0.374962),(-0.922305, 0.369218, 0.033413, -0.113541)(0.190912, -0.234136, 0.333292),(-0.366077, 0.070997, -0.327852, 0.868021)(0.209828, -0.203469, 0.370880),(-0.218051, 0.172518, 0.435487, -0.856188)(0.191460, -0.211912, 0.402875),(-0.794065, 0.472058, 0.179111, -0.338622)(0.177544, -0.220402, 0.386607),(-0.898769, 0.432287, 0.049068, -0.058645)(0.174944, -0.221572, 0.368118),(-0.898769, 0.432287, 0.049068, -0.058645)(0.195698, -0.241474, 0.335850),(-0.254184, 0.144707, -0.266406, 0.918411)(0.215828, -0.221917, 0.377437),(-0.315256, 0.243739, 0.482275, -0.780148)(0.198547, -0.228402, 0.394670),(-0.770229, 0.524777, 0.202038, -0.301133)(0.186483, -0.233246, 0.380500),(-0.884174, 0.448122, 0.121191, 0.057280)(0.184054, -0.230121, 0.366132),(-0.884174, 0.448122, 0.121191, 0.057280)(0.000000, 0.000000, 0.000000),(0.000000, 0.000000, 0.000000, 0.000000)
(0.180354, -0.237507, 0.316239),(-0.382331, -0.054720, -0.447871, 0.806209)(0.197001, -0.210555, 0.350733),(0.382419, 0.054890, 0.448014, -0.806242)(0.166861, -0.219615, 0.328479),(0.399023, 0.045460, -0.435747, -0.806068)(0.148110, -0.192802, 0.358646),(0.176106, -0.051647, -0.440150, -0.879533)(0.145914, -0.180780, 0.390324),(0.023131, -0.080695, -0.434829, -0.896863)(0.148130, -0.178774, 0.407996),(0.023131, -0.080695, -0.434829, -0.896863)(0.176733, -0.223209, 0.330135),(-0.436623, -0.175522, -0.461110, 0.752283)(0.185440, -0.171764, 0.365137),(0.007525, 0.088867, 0.358051, -0.929442)(0.179676, -0.168964, 0.400632),(-0.638760, 0.274814, 0.139101, -0.705127)(0.166243, -0.188550, 0.401418),(-0.882833, 0.303376, 0.064886, -0.353410)(0.160784, -0.198226, 0.389144),(-0.882833, 0.303376, 0.064886, -0.353410)(0.182836, -0.227902, 0.331191),(-0.440411, -0.007469, -0.380507, 0.813140)(0.201616, -0.185930, 0.366771),(-0.133771, 0.133027, 0.405474, -0.894438)(0.187120, -0.191428, 0.405634),(-0.758271, 0.414951, 0.151729, -0.479552)(0.169182, -0.208594, 0.391531),(-0.922918, 0.369071, 0.034521, -0.108583)(0.166713, -0.211599, 0.374798),(-0.922918, 0.369071, 0.034521, -0.108583)(0.190961, -0.234100, 0.333281),(-0.364629, 0.072994, -0.327268, 0.868685)(0.209961, -0.203652, 0.370888),(-0.223815, 0.171458, 0.436016, -0.854643)(0.191470, -0.212477, 0.402739),(-0.796375, 0.471583, 0.180410, -0.333126)(0.177613, -0.220777, 0.386322),(-0.899076, 0.432177, 0.050334, -0.053415)(0.175056, -0.221752, 0.367819),(-0.899076, 0.432177, 0.050334, -0.053415)(0.195754, -0.241451, 0.335789),(-0.252199, 0.146601, -0.265770, 0.918842)(0.215969, -0.222134, 0.377366),(-0.320094, 0.242516, 0.482705, -0.778291)(0.198596, -0.228818, 0.394509),(-0.771812, 0.524045, 0.203684, -0.297223)(0.186558, -0.233537, 0.380274),(-0.883891, 0.447764, 0.122966, 0.060562)(0.184127, -0.230305, 0.365934),(-0.883891, 0.447764, 0.122966, 0.060562)(0.000000, 0.000000, 0.000000),(0.000000, 0.000000, 0.000000, 0.000000)
(0.180293, -0.237457, 0.316299),(-0.382730, -0.053890, -0.447230, 0.806432)(0.196988, -0.210539, 0.350691),(0.382818, 0.054058, 0.447372, -0.806465)(0.166797, -0.219601, 0.328563),(0.398770, 0.045325, -0.435180, -0.806508)(0.148086, -0.192786, 0.358746),(0.176469, -0.052498, -0.439113, -0.879929)(0.145946, -0.180727, 0.390382),(0.027909, -0.079872, -0.434144, -0.897128)(0.148065, -0.178580, 0.408069),(0.027909, -0.079872, -0.434144, -0.897128)(0.176681, -0.223186, 0.330189),(-0.437063, -0.174160, -0.459842, 0.753120)(0.185456, -0.171750, 0.365211),(0.011149, 0.078000, 0.360922, -0.929271)(0.180508, -0.168967, 0.400898),(-0.637332, 0.270405, 0.148358, -0.706236)(0.166948, -0.188434, 0.401884),(-0.882741, 0.304234, 0.073842, -0.351131)(0.161234, -0.197962, 0.389584),(-0.882741, 0.304234, 0.073842, -0.351131)(0.182795, -0.227875, 0.331222),(-0.440830, -0.006369, -0.379283, 0.813494)(0.201624, -0.185919, 0.366740),(-0.135911, 0.129910, 0.406484, -0.894115)(0.187283, -0.191668, 0.405618),(-0.759406, 0.413911, 0.154690, -0.477705)(0.169275, -0.208728, 0.391464),(-0.922854, 0.369193, 0.038021, -0.107529)(0.166708, -0.211653, 0.374735),(-0.922854, 0.369193, 0.038021, -0.107529)(0.190939, -0.234066, 0.333282),(-0.365340, 0.073984, -0.326279, 0.868674)(0.209948, -0.203685, 0.370690),(-0.232777, 0.171822, 0.435785, -0.852291)(0.191152, -0.213050, 0.402256),(-0.799817, 0.471161, 0.180545, -0.325314)(0.177433, -0.221119, 0.385598),(-0.898688, 0.432665, 0.053580, -0.052829)(0.174780, -0.222018, 0.367135),(-0.898688, 0.432665, 0.053580, -0.052829)(0.195749, -0.241411, 0.335771),(-0.251954, 0.147636, -0.264806, 0.919022)(0.215907, -0.222244, 0.377075),(-0.336221, 0.244316, 0.480460, -0.772294)(0.198034, -0.229504, 0.393777),(-0.776618, 0.523579, 0.203147, -0.285673)(0.186207, -0.233950, 0.379268),(-0.883651, 0.447036, 0.123637, 0.067623)(0.183855, -0.230530, 0.364976),(-0.883651, 0.447036, 0.123637, 0.067623)(0.000000, 0.000000, 0.000000),(0.000000, 0.000000, 0.000000, 0.000000)
(0.180198, -0.237430, 0.316303),(-0.385491, -0.050562, -0.442737, 0.807811)(0.197130, -0.210392, 0.350469),(0.385579, 0.050730, 0.442878, -0.807846)(0.166736, -0.219644, 0.328696),(0.396570, 0.042081, -0.439109, -0.805639)(0.148207, -0.192906, 0.359061),(0.175272, -0.056543, -0.442008, -0.878468)(0.146304, -0.180808, 0.390686),(0.028997, -0.083645, -0.436586, -0.895561)(0.148522, -0.178560, 0.408359),(0.028997, -0.083645, -0.436586, -0.895561)(0.176659, -0.223171, 0.330213),(-0.439545, -0.171170, -0.455058, 0.755264)(0.185551, -0.171650, 0.365096),(0.016411, 0.070795, 0.358655, -0.930646)(0.181212, -0.168709, 0.400872),(-0.633965, 0.263315, 0.152067, -0.711139)(0.167743, -0.188210, 0.402241),(-0.881732, 0.299987, 0.079911, -0.355955)(0.161854, -0.197820, 0.390081),(-0.881732, 0.299987, 0.079911, -0.355955)(0.182811, -0.227824, 0.331179),(-0.443312, -0.003062, -0.374392, 0.814430)(0.201810, -0.185732, 0.366446),(-0.133548, 0.124083, 0.404941, -0.895997)(0.187984, -0.191538, 0.405498),(-0.759406, 0.408995, 0.158064, -0.480825)(0.169891, -0.208698, 0.391575),(-0.923568, 0.366121, 0.043294, -0.109885)(0.167138, -0.211639, 0.374878),(-0.923568, 0.366121, 0.043294, -0.109885)(0.191013, -0.233967, 0.333150),(-0.367786, 0.077812, -0.321718, 0.869009)(0.210277, -0.203449, 0.370309),(-0.230662, 0.166344, 0.434696, -0.854506)(0.191897, -0.212910, 0.402088),(-0.800080, 0.467104, 0.184088, -0.328516)(0.178037, -0.221058, 0.385586),(-0.899484, 0.429930, 0.058712, -0.056048)(0.175164, -0.221990, 0.367160),(-0.899484, 0.429930, 0.058712, -0.056048)(0.195894, -0.241282, 0.335590),(-0.254251, 0.152082, -0.260792, 0.918812)(0.216409, -0.221972, 0.376634),(-0.334539, 0.239342, 0.479920, -0.774914)(0.198752, -0.229339, 0.393514),(-0.777201, 0.520006, 0.206020, -0.288544)(0.186814, -0.233848, 0.379111),(-0.884217, 0.445018, 0.128396, 0.064589)(0.184290, -0.230452, 0.364845),(-0.884217, 0.445018, 0.128396, 0.064589)(0.000000, 0.000000, 0.000000),(0.000000, 0.000000, 0.000000, 0.000000)
(0.180213, -0.237495, 0.316348),(-0.385812, -0.051112, -0.443268, 0.807332)(0.197133, -0.210408, 0.350518),(0.385899, 0.051280, 0.443409, -0.807367)(0.166755, -0.219677, 0.328684),(0.397482, 0.042322, -0.438851, -0.805317)(0.148183, -0.192894, 0.358982),(0.176373, -0.055531, -0.442113, -0.878258)(0.146185, -0.180760, 0.390596),(0.028683, -0.083215, -0.436720, -0.895547)(0.148393, -0.178529, 0.408266),(0.028683, -0.083215, -0.436720, -0.895547)(0.176670, -0.223211, 0.330226),(-0.439885, -0.171859, -0.455683, 0.754532)(0.185568, -0.171633, 0.365049),(0.018829, 0.071486, 0.359117, -0.930370)(0.181250, -0.168511, 0.400789),(-0.632980, 0.264145, 0.151689, -0.711790)(0.167765, -0.187996, 0.402197),(-0.881285, 0.300732, 0.079093, -0.356616)(0.161885, -0.197628, 0.390046),(-0.881285, 0.300732, 0.079093, -0.356616)(0.182815, -0.227868, 0.331211),(-0.443515, -0.003565, -0.375089, 0.813996)(0.201835, -0.185703, 0.366502),(-0.127515, 0.123206, 0.405630, -0.896686)(0.188274, -0.191083, 0.405674),(-0.755967, 0.408806, 0.159134, -0.486022)(0.170052, -0.208348, 0.392059),(-0.922551, 0.366819, 0.044644, -0.115451)(0.167185, -0.211444, 0.375408),(-0.922551, 0.366819, 0.044644, -0.115451)(0.191006, -0.234015, 0.333207),(-0.367768, 0.077253, -0.322410, 0.868810)(0.210305, -0.203395, 0.370496),(-0.221959, 0.164814, 0.435540, -0.856675)(0.192294, -0.212357, 0.402570),(-0.796198, 0.467116, 0.185662, -0.336934)(0.178228, -0.220721, 0.386353),(-0.898586, 0.430531, 0.060288, -0.063682)(0.175180, -0.221881, 0.367963),(-0.898586, 0.430531, 0.060288, -0.063682)(0.195874, -0.241332, 0.335667),(-0.254967, 0.151484, -0.261574, 0.918490)(0.216440, -0.221892, 0.376838),(-0.324801, 0.238286, 0.481378, -0.778469)(0.199082, -0.228906, 0.393987),(-0.773588, 0.519979, 0.207366, -0.297201)(0.186961, -0.233606, 0.379803),(-0.883695, 0.446590, 0.130535, 0.056079)(0.184273, -0.230400, 0.365521),(-0.883695, 0.446590, 0.130535, 0.056079)(0.000000, 0.000000, 0.000000),(0.000000, 0.000000, 0.000000, 0.000000)
(0.180211, -0.237475, 0.316321),(-0.385630, -0.050392, -0.442803, 0.807719)(0.197168, -0.210393, 0.350550),(0.385718, 0.050561, 0.442944, -0.807754)(0.166765, -0.219660, 0.328682),(0.396787, 0.042437, -0.438484, -0.805854)(0.148221, -0.192908, 0.359033),(0.176297, -0.055139, -0.441757, -0.878476)(0.146207, -0.180790, 0.390650),(0.030613, -0.082125, -0.436622, -0.895630)(0.148350, -0.178513, 0.408330),(0.030613, -0.082125, -0.436622, -0.895630)(0.176679, -0.223196, 0.330217),(-0.439687, -0.171590, -0.455775, 0.754653)(0.185595, -0.171640, 0.365077),(0.019160, 0.073737, 0.358180, -0.930548)(0.181136, -0.168446, 0.400757),(-0.633114, 0.264680, 0.149427, -0.711950)(0.167698, -0.187964, 0.402143),(-0.881557, 0.300240, 0.076857, -0.356848)(0.161886, -0.197630, 0.389986),(-0.881557, 0.300240, 0.076857, -0.356848)(0.182823, -0.227854, 0.331197),(-0.443132, -0.003071, -0.374994, 0.814251)(0.201890, -0.185686, 0.366568),(-0.122776, 0.121744, 0.405721, -0.897505)(0.188598, -0.190765, 0.405848),(-0.753452, 0.407745, 0.160338, -0.490404)(0.170276, -0.208128, 0.392500),(-0.921968, 0.366668, 0.046376, -0.119851)(0.167301, -0.211339, 0.375888),(-0.921968, 0.366668, 0.046376, -0.119851)(0.191012, -0.234004, 0.333186),(-0.367013, 0.077828, -0.322191, 0.869159)(0.210412, -0.203331, 0.370677),(-0.211509, 0.161690, 0.436076, -0.859636)(0.192929, -0.211746, 0.403123),(-0.791860, 0.465949, 0.188217, -0.347198)(0.178606, -0.220371, 0.387276),(-0.897968, 0.430190, 0.062740, -0.071857)(0.175345, -0.221765, 0.368928),(-0.897968, 0.430190, 0.062740, -0.071857)(0.195880, -0.241324, 0.335639),(-0.255183, 0.152192, -0.261414, 0.918358)(0.216644, -0.221758, 0.377044),(-0.307478, 0.233728, 0.484187, -0.785116)(0.199913, -0.228212, 0.394704),(-0.767434, 0.518133, 0.211896, -0.312773)(0.187424, -0.233223, 0.380964),(-0.882758, 0.448199, 0.136602, 0.041810)(0.184392, -0.230305, 0.366684),(-0.882758, 0.448199, 0.136602, 0.041810)(0.000000, 0.000000, 0.000000),(0.000000, 0.000000, 0.000000, 0.000000)
(0.180054, -0.237307, 0.316412),(-0.386029, -0.049773, -0.441674, 0.808182)(0.197028, -0.210277, 0.350504),(0.386119, 0.049944, 0.441818, -0.808217)(0.166594, -0.219587, 0.328707),(0.396110, 0.041895, -0.439530, -0.805645)(0.148073, -0.192865, 0.359119),(0.176872, -0.054624, -0.443009, -0.877761)(0.145992, -0.180727, 0.390739),(0.030947, -0.081900, -0.437932, -0.895000)(0.148120, -0.178440, 0.408417),(0.030947, -0.081900, -0.437932, -0.895000)(0.176513, -0.223111, 0.330226),(-0.439851, -0.171517, -0.455121, 0.754969)(0.185401, -0.171552, 0.365062),(0.014596, 0.078391, 0.355976, -0.931096)(0.180510, -0.168559, 0.400671),(-0.636633, 0.266106, 0.144545, -0.709283)(0.167178, -0.188168, 0.401809),(-0.883767, 0.299154, 0.071920, -0.353314)(0.161554, -0.197808, 0.389545),(-0.883767, 0.299154, 0.071920, -0.353314)(0.182661, -0.227767, 0.331193),(-0.443395, -0.002842, -0.374264, 0.814444)(0.201726, -0.185570, 0.366541),(-0.122916, 0.122372, 0.404521, -0.897942)(0.188386, -0.190656, 0.405815),(-0.753871, 0.407156, 0.159149, -0.490636)(0.170124, -0.208073, 0.392460),(-0.922468, 0.365610, 0.045390, -0.119605)(0.167186, -0.211292, 0.375842),(-0.922468, 0.365610, 0.045390, -0.119605)(0.190860, -0.233906, 0.333169),(-0.367205, 0.078276, -0.321400, 0.869331)(0.210299, -0.203184, 0.370678),(-0.209319, 0.160522, 0.435765, -0.860548)(0.192961, -0.211512, 0.403216),(-0.791199, 0.465081, 0.188888, -0.349496)(0.178587, -0.220202, 0.387458),(-0.898619, 0.429145, 0.062144, -0.070467)(0.175367, -0.221565, 0.369086),(-0.898619, 0.429145, 0.062144, -0.070467)(0.195740, -0.241218, 0.335619),(-0.255752, 0.152989, -0.260588, 0.918302)(0.216642, -0.221541, 0.377112),(-0.298066, 0.230093, 0.485554, -0.788966)(0.200279, -0.227732, 0.395078),(-0.763857, 0.516160, 0.215719, -0.322035)(0.187558, -0.232907, 0.381639),(-0.882587, 0.447934, 0.140108, 0.036370)(0.184360, -0.230085, 0.367365),(-0.882587, 0.447934, 0.140108, 0.036370)(0.000000, 0.000000, 0.000000),(0.000000, 0.000000, 0.000000, 0.000000)
(0.179660, -0.237129, 0.316523),(-0.386009, -0.049121, -0.441024, 0.808586)(0.196652, -0.210162, 0.350527),(0.386098, 0.049293, 0.441168, -0.808622)(0.166204, -0.219492, 0.328802),(0.395346, 0.041813, -0.440459, -0.805517)(0.147686, -0.192829, 0.359269),(0.176213, -0.054626, -0.443993, -0.877396)(0.145612, -0.180730, 0.390907),(0.029822, -0.082265, -0.438820, -0.894570)(0.147767, -0.178471, 0.408584),(0.029822, -0.082265, -0.438820, -0.894570)(0.176128, -0.223004, 0.330306),(-0.439753, -0.171125, -0.454487, 0.755497)(0.185000, -0.171468, 0.365166),(0.011069, 0.079322, 0.355130, -0.931389)(0.179957, -0.168694, 0.400746),(-0.640885, 0.266564, 0.142602, -0.705667)(0.166685, -0.188359, 0.401614),(-0.886133, 0.298428, 0.069980, -0.348361)(0.161169, -0.197902, 0.389226),(-0.886133, 0.298428, 0.069980, -0.348361)(0.182282, -0.227657, 0.331259),(-0.443369, -0.002441, -0.373544, 0.814790)(0.201345, -0.185465, 0.366607),(-0.123885, 0.121902, 0.404058, -0.898081)(0.188010, -0.190647, 0.405875),(-0.754652, 0.406531, 0.159196, -0.489938)(0.169773, -0.208060, 0.392481),(-0.922838, 0.364966, 0.045611, -0.118623)(0.166842, -0.211249, 0.375856),(-0.922838, 0.364966, 0.045611, -0.118623)(0.190490, -0.233788, 0.333217),(-0.367167, 0.078760, -0.320664, 0.869575)(0.209943, -0.203074, 0.370717),(-0.209916, 0.159757, 0.435497, -0.860681)(0.192636, -0.211472, 0.403258),(-0.791671, 0.464393, 0.189329, -0.349103)(0.178262, -0.220152, 0.387495),(-0.898942, 0.428548, 0.062589, -0.069578)(0.175042, -0.221480, 0.369119),(-0.898942, 0.428548, 0.062589, -0.069578)(0.195381, -0.241095, 0.335656),(-0.255618, 0.153551, -0.259861, 0.918452)(0.216303, -0.221442, 0.377114),(-0.300022, 0.229407, 0.485297, -0.788582)(0.199916, -0.227728, 0.395050),(-0.764763, 0.515694, 0.216032, -0.320421)(0.187217, -0.232865, 0.381577),(-0.882854, 0.447204, 0.140160, 0.038596)(0.184044, -0.229986, 0.367307),(-0.882854, 0.447204, 0.140160, 0.038596)(0.000000, 0.000000, 0.000000),(0.000000, 0.000000, 0.000000, 0.000000)
(0.179689, -0.237279, 0.316352),(-0.386416, -0.050303, -0.438731, 0.809566)(0.196542, -0.210153, 0.350350),(0.386504, 0.050474, 0.438875, -0.809602)(0.166147, -0.219683, 0.328648),(0.393757, 0.041089, -0.444039, -0.804365)(0.147607, -0.193137, 0.359257),(0.176302, -0.054551, -0.447764, -0.875462)(0.145472, -0.181030, 0.390930),(0.029839, -0.082841, -0.442550, -0.892679)(0.147634, -0.178753, 0.408601),(0.029839, -0.082841, -0.442550, -0.892679)(0.176088, -0.223136, 0.330136),(-0.439819, -0.172459, -0.452241, 0.756502)(0.184693, -0.171493, 0.364942),(0.015715, 0.074886, 0.353985, -0.932125)(0.180060, -0.168525, 0.400577),(-0.638223, 0.262836, 0.144765, -0.709028)(0.166821, -0.188205, 0.401701),(-0.884583, 0.295996, 0.073903, -0.353520)(0.161173, -0.197845, 0.389455),(-0.884583, 0.295996, 0.073903, -0.353520)(0.182261, -0.227749, 0.331091),(-0.443811, -0.003568, -0.371143, 0.815642)(0.201128, -0.185387, 0.366423),(-0.119529, 0.117999, 0.403209, -0.899573)(0.188239, -0.190392, 0.405820),(-0.752737, 0.403311, 0.161681, -0.494708)(0.169892, -0.207929, 0.392740),(-0.922500, 0.363326, 0.049981, -0.124421)(0.166759, -0.211247, 0.376179),(-0.922500, 0.363326, 0.049981, -0.124421)(0.190496, -0.233830, 0.333053),(-0.367808, 0.077861, -0.318171, 0.870300)(0.209816, -0.202953, 0.370551),(-0.208242, 0.156604, 0.434681, -0.862079)(0.192781, -0.211371, 0.403191),(-0.791199, 0.461823, 0.191667, -0.352291)(0.178298, -0.220132, 0.387572),(-0.899083, 0.427007, 0.066367, -0.073609)(0.174891, -0.221539, 0.369240),(-0.899083, 0.427007, 0.066367, -0.073609)(0.195428, -0.241108, 0.335499),(-0.256593, 0.152986, -0.257317, 0.918990)(0.216262, -0.221301, 0.376916),(-0.300586, 0.227941, 0.483476, -0.789910)(0.199920, -0.227690, 0.394881),(-0.765082, 0.512848, 0.217334, -0.323330)(0.187163, -0.232912, 0.381508),(-0.883474, 0.445347, 0.142910, 0.035702)(0.183875, -0.230080, 0.367256),(-0.883474, 0.445347, 0.142910, 0.035702)(0.000000, 0.000000, 0.000000),(0.000000, 0.000000, 0.000000, 0.000000)
(0.179754, -0.237455, 0.316041),(-0.383778, -0.052751, -0.439331, 0.810344)(0.196327, -0.210332, 0.350305),(0.383864, 0.052918, 0.439472, -0.810378)(0.166086, -0.219858, 0.328357),(0.394152, 0.043685, -0.443429, -0.804372)(0.147360, -0.193376, 0.358928),(0.176741, -0.052254, -0.447661, -0.875568)(0.145076, -0.181311, 0.390610),(0.030408, -0.080280, -0.442854, -0.892741)(0.147148, -0.179055, 0.408296),(0.030408, -0.080280, -0.442854, -0.892741)(0.176026, -0.223300, 0.329891),(-0.437295, -0.174460, -0.452990, 0.757058)(0.184332, -0.171701, 0.364913),(0.029659, 0.068348, 0.355214, -0.931821)(0.180499, -0.167957, 0.400567),(-0.629840, 0.259229, 0.149890, -0.716746)(0.167191, -0.187547, 0.402286),(-0.879967, 0.295587, 0.080085, -0.363868)(0.161278, -0.197375, 0.390317),(-0.879967, 0.295587, 0.080085, -0.363868)(0.182203, -0.227902, 0.330873),(-0.441297, -0.005760, -0.371492, 0.816834)(0.200800, -0.185554, 0.366520),(-0.113542, 0.114832, 0.403995, -0.900405)(0.188354, -0.190209, 0.406037),(-0.749175, 0.401733, 0.164683, -0.500374)(0.169826, -0.207833, 0.393335),(-0.921143, 0.363567, 0.054305, -0.131808)(0.166466, -0.211324, 0.376858),(-0.921143, 0.363567, 0.054305, -0.131808)(0.190439, -0.233974, 0.332871),(-0.365379, 0.075255, -0.318199, 0.871542)(0.209488, -0.203124, 0.370670),(-0.206478, 0.155285, 0.434852, -0.862655)(0.192610, -0.211466, 0.403354),(-0.789963, 0.461011, 0.193298, -0.355224)(0.178028, -0.220288, 0.387857),(-0.898330, 0.427132, 0.069503, -0.079019)(0.174433, -0.221823, 0.369581),(-0.898330, 0.427132, 0.069503, -0.079019)(0.195370, -0.241250, 0.335327),(-0.254686, 0.150199, -0.256895, 0.920098)(0.215910, -0.221504, 0.376945),(-0.302200, 0.228438, 0.482559, -0.789711)(0.199529, -0.227952, 0.394846),(-0.765262, 0.511750, 0.217836, -0.324305)(0.186756, -0.233202, 0.381510),(-0.883531, 0.444918, 0.144363, 0.033797)(0.183405, -0.230403, 0.367271),(-0.883531, 0.444918, 0.144363, 0.033797)