(-0.039553, 0.041520, -0.175358),(0.097374, 0.102124, -0.014694, 0.989885),(-0.038484, 0.048249, 0.119500),(0.056806, 0.103252, -0.005907, 0.993014),(0.0, 0.0, 0.1),(0.204391, -0.114038, 0.972224),(0.038174, 0.005479, 0.484137),
(-0.039519, 0.041379, -0.175363),(0.097184, 0.102195, -0.014743, 0.989896),(-0.038509, 0.048238, 0.119504),(0.056840, 0.103211, -0.005908, 0.993017),(0.0, 0.0, 0.1),(0.204308, -0.114105, 0.972234),(0.038146, 0.005427, 0.484281),
(-0.039272, 0.041446, -0.175547),(0.096867, 0.102662, -0.014900, 0.989876),(-0.038539, 0.048222, 0.119496),(0.056883, 0.103156, -0.005909, 0.993020),(0.0, 0.0, 0.1),(0.204199, -0.114190, 0.972247),(0.038113, 0.005357, 0.484456),
(-0.039207, 0.041424, -0.175663),(0.096663, 0.102919, -0.015064, 0.989867),(-0.038552, 0.048208, 0.119477),(0.056905, 0.103130, -0.005910, 0.993021),(0.0, 0.0, 0.1),(0.204148, -0.114234, 0.972252),(0.038100, 0.005317, 0.484528),
(-0.039197, 0.041476, -0.175873),(0.096477, 0.102954, -0.015251, 0.989879),(-0.038552, 0.048200, 0.119450),(0.056906, 0.103125, -0.005910, 0.993022),(0.0, 0.0, 0.1),(0.204138, -0.114237, 0.972254),(0.038100, 0.005305, 0.484525),
(-0.039150, 0.041533, -0.175899),(0.096108, 0.102930, -0.015157, 0.989919),(-0.038543, 0.048197, 0.119417),(0.056886, 0.103128, -0.005908, 0.993023),(0.0, 0.0, 0.1),(0.204145, -0.114196, 0.972257),(0.038109, 0.005318, 0.484480),
(-0.039028, 0.041597, -0.175962),(0.095919, 0.102746, -0.015248, 0.989955),(-0.038527, 0.048198, 0.119378),(0.056844, 0.103129, -0.005903, 0.993025),(0.0, 0.0, 0.1),(0.204148, -0.114112, 0.972267),(0.038121, 0.005355, 0.484417),
(-0.038998, 0.041646, -0.175934),(0.095460, 0.102596, -0.015366, 0.990013),(-0.038506, 0.048207, 0.119339),(0.056777, 0.103121, -0.005896, 0.993030),(0.0, 0.0, 0.1),(0.204135, -0.113978, 0.972285),(0.038132, 0.005417, 0.484360),
(-0.038957, 0.041770, -0.175906),(0.095119, 0.102375, -0.016101, 0.990057),(-0.038483, 0.048222, 0.119304),(0.056692, 0.103102, -0.005886, 0.993036),(0.0, 0.0, 0.1),(0.204101, -0.113807, 0.972312),(0.038139, 0.005497, 0.484320),
(-0.038884, 0.041759, -0.175861),(0.095326, 0.102868, -0.016081, 0.989986),(-0.038460, 0.048241, 0.119272),(0.056610, 0.103092, -0.005877, 0.993042),(0.0, 0.0, 0.1),(0.204083, -0.113643, 0.972335),(0.038149, 0.005582, 0.484267),
(-0.038917, 0.041825, -0.175846),(0.095314, 0.103154, -0.015727, 0.989963),(-0.038435, 0.048263, 0.119245),(0.056533, 0.103098, -0.005869, 0.993046),(0.0, 0.0, 0.1),(0.204099, -0.113490, 0.972350),(0.038166, 0.005669, 0.484179),
(-0.038898, 0.041596, -0.175884),(0.095514, 0.103210, -0.016032, 0.989933),(-0.038410, 0.048283, 0.119226),(0.056470, 0.103116, -0.005864, 0.993048),(0.0, 0.0, 0.1),(0.204136, -0.113363, 0.972357),(0.038186, 0.005747, 0.484073),
(-0.038987, 0.041637, -0.175850),(0.096202, 0.103387, -0.016131, 0.989847),(-0.038388, 0.048300, 0.119210),(0.056433, 0.103142, -0.005861, 0.993047),(0.0, 0.0, 0.1),(0.204188, -0.113291, 0.972354),(0.038207, 0.005802, 0.483962),
(-0.039031, 0.041856, -0.175843),(0.096124, 0.103252, -0.015736, 0.989875),(-0.038370, 0.048313, 0.119198),(0.056414, 0.103169, -0.005861, 0.993046),(0.0, 0.0, 0.1),(0.204241, -0.113254, 0.972347),(0.038227, 0.005840, 0.483858),
(-0.039052, 0.041871, -0.175758),(0.095725, 0.102842, -0.015645, 0.989957),(-0.038357, 0.048325, 0.119188),(0.056395, 0.103185, -0.005860, 0.993045),(0.0, 0.0, 0.1),(0.204273, -0.113214, 0.972345),(0.038240, 0.005873, 0.483789),
(-0.039022, 0.041712, -0.175769),(0.095804, 0.102744, -0.015691, 0.989959),(-0.038347, 0.048336, 0.119181),(0.056374, 0.103191, -0.005858, 0.993045),(0.0, 0.0, 0.1),(0.204286, -0.113174, 0.972347),(0.038247, 0.005903, 0.483750),
(-0.038995, 0.041748, -0.175706),(0.095921, 0.102502, -0.015599, 0.989974),(-0.038339, 0.048347, 0.119177),(0.056359, 0.103185, -0.005856, 0.993047),(0.0, 0.0, 0.1),(0.204275, -0.113143, 0.972353),(0.038249, 0.005927, 0.483739),
(-0.038900, 0.041930, -0.175715),(0.095813, 0.102316, -0.015927, 0.989999),(-0.038331, 0.048358, 0.119175),(0.056345, 0.103170, -0.005854, 0.993049),(0.0, 0.0, 0.1),(0.204247, -0.113115, 0.972362),(0.038248, 0.005947, 0.483746),
(-0.038697, 0.042035, -0.175562),(0.095655, 0.102935, -0.015798, 0.989952),(-0.038316, 0.048375, 0.119177),(0.056326, 0.103159, -0.005851, 0.993052),(0.0, 0.0, 0.1),(0.204225, -0.113076, 0.972371),(0.038251, 0.005981, 0.483732),
(-0.038648, 0.041890, -0.175587),(0.095688, 0.102947, -0.016048, 0.989944),(-0.038305, 0.048385, 0.119178),(0.056314, 0.103157, -0.005850, 0.993053),(0.0, 0.0, 0.1),(0.204221, -0.113053, 0.972375),(0.038255, 0.006003, 0.483709),
(-0.038769, 0.041928, -0.175632),(0.096116, 0.102933, -0.016448, 0.989897),(-0.038293, 0.048393, 0.119180),(0.056310, 0.103157, -0.005849, 0.993053),(0.0, 0.0, 0.1),(0.204222, -0.113044, 0.972376),(0.038260, 0.006018, 0.483680),
(-0.039101, 0.042513, -0.175543),(0.095618, 0.102512, -0.015916, 0.989998),(-0.038283, 0.048403, 0.119183),(0.056303, 0.103154, -0.005849, 0.993053),(0.0, 0.0, 0.1),(0.204216, -0.113030, 0.972378),(0.038264, 0.006036, 0.483662),
(-0.039581, 0.042754, -0.175483),(0.093220, 0.101331, -0.014649, 0.990367),(-0.038278, 0.048418, 0.119187),(0.056270, 0.103137, -0.005844, 0.993057),(0.0, 0.0, 0.1),(0.204185, -0.112965, 0.972393),(0.038259, 0.006074, 0.483685),
(-0.040302, 0.043099, -0.175497),(0.091745, 0.100233, -0.013392, 0.990635),(-0.038286, 0.048445, 0.119192),(0.056192, 0.103094, -0.005834, 0.993066),(0.0, 0.0, 0.1),(0.204103, -0.112808, 0.972428),(0.038240, 0.006149, 0.483790),
(-0.041251, 0.043757, -0.175620),(0.090275, 0.099626, -0.010564, 0.990865),(-0.038319, 0.048494, 0.119199),(0.056037, 0.103012, -0.005813, 0.993083),(0.0, 0.0, 0.1),(0.203948, -0.112496, 0.972497),(0.038193, 0.006291, 0.484034),
(-0.041968, 0.044203, -0.175712),(0.087406, 0.098369, -0.004917, 0.991292),(-0.038408, 0.048594, 0.119204),(0.055685, 0.102840, -0.005766, 0.993121),(0.0, 0.0, 0.1),(0.203624, -0.111790, 0.972646),(0.038087, 0.006598, 0.484595),
(-0.042388, 0.044184, -0.176108),(0.084622, 0.095372, -0.001075, 0.991838),(-0.038592, 0.048760, 0.119195),(0.055005, 0.102472, -0.005675, 0.993198),(0.0, 0.0, 0.1),(0.202925, -0.110424, 0.972948),(0.037864, 0.007156, 0.485771),
(-0.042551, 0.044250, -0.176370),(0.083874, 0.093637, 0.001011, 0.992067),(-0.038886, 0.048991, 0.119159),(0.053991, 0.101850, -0.005536, 0.993318),(0.0, 0.0, 0.1),(0.201741, -0.108387, 0.973423),(0.037496, 0.007954, 0.487712),
(-0.043155, 0.043844, -0.176937),(0.084893, 0.092105, 0.001235, 0.992123),(-0.039297, 0.049253, 0.119064),(0.052717, 0.100926, -0.005355, 0.993482),(0.0, 0.0, 0.1),(0.199971, -0.105827, 0.974070),(0.036962, 0.008895, 0.490529),
(-0.043617, 0.044008, -0.177377),(0.085311, 0.090973, 0.001619, 0.992191),(-0.039808, 0.049510, 0.118891),(0.051359, 0.099736, -0.005155, 0.993674),(0.0, 0.0, 0.1),(0.197681, -0.103096, 0.974830),(0.036282, 0.009827, 0.494117),
(-0.044110, 0.044460, -0.177495),(0.082771, 0.089591, 0.003482, 0.992527),(-0.040390, 0.049763, 0.118656),(0.049875, 0.098323, -0.004934, 0.993892),(0.0, 0.0, 0.1),(0.194952, -0.100110, 0.975690),(0.035479, 0.010803, 0.498359),
(-0.044530, 0.043957, -0.177797),(0.083098, 0.087742, 0.004264, 0.992662),(-0.041008, 0.049999, 0.118375),(0.048381, 0.096736, -0.004708, 0.994122),(0.0, 0.0, 0.1),(0.191880, -0.097105, 0.976603),(0.034581, 0.011745, 0.503097),
(-0.045118, 0.044530, -0.177819),(0.083417, 0.086219, 0.003590, 0.992771),(-0.041676, 0.050218, 0.118070),(0.046992, 0.094962, -0.004488, 0.994361),(0.0, 0.1, 0.1),(0.188432, -0.094306, 0.977548),(0.087460, -0.014411, 0.788003),
(-0.045687, 0.044650, -0.177461),(0.081691, 0.084439, 0.003292, 0.993069),(-0.042367, 0.050431, 0.117799),(0.045650, 0.093061, -0.004271, 0.994604),(0.0, 0.1, 0.1),(0.184728, -0.091602, 0.978512),(0.084014, -0.012238, 0.787240),
(-0.046632, 0.045146, -0.176831),(0.080594, 0.082394, 0.002271, 0.993333),(-0.043082, 0.050659, 0.117619),(0.044335, 0.091043, -0.004057, 0.994851),(0.0, 0.1, 0.1),(0.180788, -0.088953, 0.979491),(0.080364, -0.010080, 0.786436),
(-0.049282, 0.046031, -0.175896),(0.077401, 0.075512, 0.002402, 0.994134),(-0.043942, 0.050965, 0.117658),(0.042762, 0.088210, -0.003790, 0.995176),(0.0, 0.1, 0.1),(0.175245, -0.085780, 0.980781),(0.075360, -0.007431, 0.785344),
(-0.052057, 0.046510, -0.174819),(0.073565, 0.059322, 0.004091, 0.995516),(-0.045057, 0.051372, 0.117956),(0.040804, 0.083558, -0.003424, 0.995661),(0.0, 0.1, 0.1),(0.166111, -0.081826, 0.982706),(0.067467, -0.004057, 0.783646),
(-0.053935, 0.047693, -0.173615),(0.070337, 0.041924, 0.006710, 0.996619),(-0.046735, 0.051977, 0.118623),(0.038109, 0.075120, -0.002873, 0.996442),(0.0, 0.1, 0.1),(0.149487, -0.076379, 0.985809),(0.053664, 0.000680, 0.780713),
(-0.055719, 0.047784, -0.172710),(0.065729, 0.025567, 0.008209, 0.997476),(-0.049179, 0.052814, 0.119624),(0.034420, 0.061710, -0.002129, 0.997498),(0.0, 0.1, 0.1),(0.122964, -0.068931, 0.990014),(0.032372, 0.007098, 0.776217),
(-0.056285, 0.047848, -0.172082),(0.067303, 0.014127, 0.010027, 0.997582),(-0.051827, 0.053662, 0.120615),(0.031238, 0.046647, -0.001459, 0.998422),(-0.1, 0.1, 0.1),(0.093056, -0.062514, 0.993696),(0.009112, 0.012724, 0.771349),
(-0.056747, 0.049417, -0.171359),(0.067413, 0.008516, 0.010924, 0.997629),(-0.054301, 0.054497, 0.121506),(0.029042, 0.032042, -0.000931, 0.999064),(-0.1, 0.1, 0.1),(0.063970, -0.058090, 0.996260),(-0.013031, 0.017020, 0.764245),
(-0.057198, 0.050042, -0.170431),(0.063157, 0.005680, 0.010188, 0.997936),(-0.056169, 0.055362, 0.122412),(0.026571, 0.020575, -0.000547, 0.999435),(-0.1, 0.1, 0.1),(0.041098, -0.053135, 0.997741),(-0.030018, 0.021551, 0.757290),
(-0.057320, 0.049399, -0.169846),(0.061884, 0.004718, 0.008286, 0.998038),(-0.057198, 0.055949, 0.123135),(0.024653, 0.014012, -0.000346, 0.999598),(-0.1, 0.1, 0.1),(0.027996, -0.049295, 0.998392),(-0.039500, 0.024787, 0.754274),
(-0.056798, 0.049575, -0.169607),(0.063242, 0.006222, 0.004912, 0.997967),(-0.057609, 0.056281, 0.123812),(0.023554, 0.010433, -0.000246, 0.999668),(-0.1, 0.1, 0.1),(0.020847, -0.047097, 0.998673),(-0.044481, 0.026624, 0.752674),
(-0.055553, 0.048933, -0.169710),(0.063975, 0.011190, 0.000522, 0.997889),(-0.057342, 0.056298, 0.124185),(0.023454, 0.010545, -0.000247, 0.999669),(-0.1, 0.1, 0.1),(0.021072, -0.046898, 0.998677),(-0.044079, 0.026780, 0.752770),
(-0.053457, 0.048796, -0.170014),(0.067224, 0.018844, -0.004470, 0.997550),(-0.056550, 0.056160, 0.124264),(0.024414, 0.013512, -0.000330, 0.999611),(-0.1, 0.1, 0.1),(0.026998, -0.048818, 0.998443),(-0.039516, 0.025360, 0.754207),
(-0.049921, 0.049019, -0.170852),(0.068876, 0.032757, -0.010999, 0.997027),(-0.054907, 0.055960, 0.124088),(0.025846, 0.020486, -0.000530, 0.999456),(-0.1, 0.1, 0.1),(0.040923, -0.051685, 0.997825),(-0.028933, 0.023155, 0.757421),
(-0.045795, 0.048924, -0.171639),(0.067821, 0.053344, -0.018826, 0.996093),(-0.051559, 0.055843, 0.123629),(0.026923, 0.034546, -0.000931, 0.999040),(-0.1, 0.1, 0.1),(0.068975, -0.053859, 0.996164),(-0.007083, 0.021113, 0.765976),
(-0.040443, 0.048401, -0.172290),(0.065365, 0.069939, -0.021221, 0.995181),(-0.048128, 0.055707, 0.123284),(0.026645, 0.046904, -0.001252, 0.998543),(0.0, 0.1, 0.1),(0.093605, -0.053329, 0.994180),(0.012938, 0.020916, 0.771865),
(-0.034074, 0.047864, -0.173261),(0.065412, 0.087682, -0.030847, 0.993520),(-0.043605, 0.055449, 0.122745),(0.026718, 0.061499, -0.001647, 0.997748),(0.0, 0.1, 0.1),(0.122633, -0.053518, 0.991008),(0.037333, 0.020127, 0.776811),
(-0.027991, 0.046758, -0.174775),(0.067877, 0.108358, -0.042618, 0.990876),(-0.037305, 0.054864, 0.121705),(0.028405, 0.081166, -0.002314, 0.996293),(0.0, 0.1, 0.1),(0.161600, -0.056975, 0.985210),(0.071291, 0.016576, 0.783773),
(-0.023595, 0.045194, -0.176924),(0.070700, 0.127987, -0.049845, 0.987996),(-0.031868, 0.054188, 0.120542),(0.030963, 0.097913, -0.003048, 0.994709),(0.0, 0.1, 0.1),(0.194601, -0.062196, 0.978909),(0.039267, 0.031453, 0.478371),
(-0.020477, 0.043497, -0.179492),(0.078510, 0.140864, -0.054304, 0.985416),(-0.026492, 0.053134, 0.118905),(0.035500, 0.113701, -0.004065, 0.992872),(0.0, 0.1, 0.1),(0.225492, -0.071419, 0.971624),(0.047207, 0.029792, 0.436469),
(-0.017621, 0.043669, -0.181771),(0.085518, 0.148071, -0.057501, 0.983593),(-0.021047, 0.051800, 0.116595),(0.042266, 0.128514, -0.005482, 0.990791),(0.0, 0.1, 0.1),(0.254199, -0.085164, 0.963395),(0.053957, 0.026671, 0.400855),
(-0.015855, 0.044372, -0.182997),(0.085926, 0.150768, -0.059500, 0.983029),(-0.017538, 0.051041, 0.114819),(0.046146, 0.136884, -0.006384, 0.989491),(0.0, 0.1, 0.1),(0.270302, -0.093070, 0.958267),(0.062145, 0.023605, 0.397308),
(-0.015214, 0.044777, -0.183539),(0.082703, 0.148700, -0.061523, 0.983496),(-0.014670, 0.050756, 0.113056),(0.047766, 0.142014, -0.006861, 0.988688),(0.0, 0.1, 0.1),(0.280159, -0.096400, 0.955101),(0.069096, 0.021933, 0.398625),
(-0.015094, 0.045321, -0.183753),(0.079822, 0.143637, -0.061617, 0.984480),(-0.013380, 0.050957, 0.112008),(0.047293, 0.142351, -0.006809, 0.988662),(0.0, 0.1, 0.1),(0.280831, -0.095453, 0.954999),(0.071010, 0.022273, 0.398988),
(-0.015404, 0.045782, -0.183558),(0.077228, 0.136858, -0.061942, 0.985631),(-0.012979, 0.051345, 0.111398),(0.045994, 0.140281, -0.006524, 0.989021),(0.0, 0.1, 0.1),(0.276881, -0.092808, 0.956412),(0.070236, 0.023452, 0.398841),
(-0.015501, 0.045809, -0.183241),(0.075739, 0.133996, -0.061899, 0.986143),(-0.013081, 0.051770, 0.111144),(0.044488, 0.137342, -0.006175, 0.989505),(0.0, 0.1, 0.1),(0.271252, -0.089738, 0.958316),(0.068246, 0.024865, 0.398464),
(-0.015484, 0.045522, -0.182889),(0.075790, 0.131704, -0.060439, 0.986538),(-0.013519, 0.052101, 0.111236),(0.043779, 0.134421, -0.005945, 0.989939),(0.0, 0.1, 0.1),(0.265617, -0.088275, 0.960029),(0.065823, 0.025733, 0.398005),
(-0.016276, 0.045359, -0.182482),(0.078144, 0.129196, -0.059750, 0.986728),(-0.014326, 0.052110, 0.111617),(0.044370, 0.131032, -0.005870, 0.990367),(0.0, 0.1, 0.1),(0.259018, -0.089424, 0.961724),(0.062643, 0.025537, 0.397402),
(-0.017989, 0.044364, -0.180945),(0.082139, 0.125436, -0.057554, 0.987019),(-0.015065, 0.051927, 0.112146),(0.045682, 0.129073, -0.005952, 0.990565),(0.0, 0.1, 0.1),(0.255165, -0.092038, 0.962507),(0.060448, 0.024690, 0.396986),
(-0.019092, 0.044298, -0.180164),(0.085175, 0.124280, -0.056307, 0.986980),(-0.016154, 0.051538, 0.113098),(0.047997, 0.126864, -0.006146, 0.990739),(0.0, 0.1, 0.1),(0.250788, -0.096664, 0.963204),(0.057622, 0.023101, 0.396450),
(-0.020331, 0.043873, -0.179284),(0.087574, 0.122545, -0.055548, 0.987030),(-0.017093, 0.051191, 0.113898),(0.049872, 0.125208, -0.006302, 0.990856),(0.0, 0.1, 0.1),(0.247497, -0.100411, 0.963672),(0.055364, 0.021795, 0.396023),
(-0.021726, 0.043248, -0.178678),(0.090582, 0.120494, -0.053756, 0.987110),(-0.018106, 0.050786, 0.114644),(0.051914, 0.123442, -0.006467, 0.990972),(0.0, 0.1, 0.1),(0.243984, -0.104486, 0.964134),(0.054113, 0.019858, 0.400030),
(-0.023112, 0.042634, -0.178335),(0.093781, 0.118052, -0.052077, 0.987196),(-0.019688, 0.050135, 0.115526),(0.054984, 0.120811, -0.006702, 0.991129),(0.0, 0.1, 0.1),(0.238741, -0.110612, 0.964763),(0.052640, 0.016625, 0.407807),
(-0.024227, 0.042377, -0.177975),(0.096519, 0.116278, -0.048817, 0.987310),(-0.020828, 0.049704, 0.116047),(0.057016, 0.119006, -0.006845, 0.991232),(0.0, 0.0, 0.1),(0.235145, -0.114662, 0.965173),(0.051595, 0.014388, 0.413316),
(-0.025327, 0.042069, -0.177952),(0.097334, 0.114524, -0.045520, 0.987592),(-0.021982, 0.049297, 0.116460),(0.058471, 0.117322, -0.006920, 0.991347),(0.0, 0.0, 0.1),(0.231805, -0.117553, 0.965633),(0.050574, 0.012502, 0.418707),
(-0.025765, 0.041781, -0.177867),(0.097823, 0.113838, -0.044428, 0.987673),(-0.024448, 0.048466, 0.116825),(0.061354, 0.114203, -0.007067, 0.991536),(0.0, 0.0, 0.1),(0.225606, -0.123283, 0.966387),(0.048537, 0.008584, 0.429456),
(-0.027876, 0.041890, -0.178270),(0.100235, 0.112617, -0.040937, 0.987722),(-0.025809, 0.048226, 0.116762),(0.062099, 0.113455, -0.007105, 0.991575),(0.0, 0.0, 0.1),(0.224116, -0.124763, 0.966544),(0.047709, 0.007299, 0.433823),
(-0.028249, 0.042150, -0.178138),(0.098181, 0.113920, -0.038635, 0.987872),(-0.026345, 0.048289, 0.116720),(0.061773, 0.113578, -0.007076, 0.991582),(0.0, 0.0, 0.1),(0.224369, -0.124114, 0.966568),(0.047509, 0.007435, 0.434880),
(-0.028438, 0.042186, -0.177992),(0.097520, 0.114475, -0.039672, 0.987832),(-0.026893, 0.048461, 0.116734),(0.061210, 0.113992, -0.007037, 0.991569),(0.0, 0.0, 0.1),(0.225200, -0.122993, 0.966518),(0.047386, 0.007894, 0.435527),
(-0.028546, 0.041747, -0.177899),(0.097701, 0.115188, -0.039215, 0.987749),(-0.027158, 0.048572, 0.116785),(0.061023, 0.114425, -0.007042, 0.991531),(0.0, 0.0, 0.1),(0.226051, -0.122624, 0.966367),(0.047393, 0.008131, 0.435490),
(-0.028499, 0.041759, -0.177859),(0.098609, 0.115645, -0.038568, 0.987631),(-0.027293, 0.048607, 0.116835),(0.061183, 0.114827, -0.007086, 0.991474),(0.0, 0.0, 0.1),(0.226828, -0.122949, 0.966143),(0.047450, 0.008094, 0.435191),
(-0.028178, 0.041726, -0.177736),(0.099151, 0.115755, -0.037620, 0.987600),(-0.027203, 0.048568, 0.116973),(0.061626, 0.115247, -0.007164, 0.991398),(0.0, 0.0, 0.1),(0.227628, -0.123843, 0.965841),(0.047603, 0.007869, 0.434381),
(-0.027748, 0.041626, -0.177671),(0.099495, 0.115746, -0.037980, 0.987553),(-0.024784, 0.046961, 0.116910),(0.068198, 0.117539, -0.008091, 0.990691),(0.0, 0.0, 0.1),(0.231786, -0.137027, 0.963067),(0.049374, 0.003120, 0.425037),
(-0.024935, 0.040020, -0.178212),(0.107330, 0.119217, -0.043067, 0.986110),(-0.024245, 0.046716, 0.116858),(0.069300, 0.118463, -0.008288, 0.990503),(0.0, 0.0, 0.1),(0.233528, -0.139247, 0.962328),(0.049886, 0.002514, 0.422337),
(-0.024033, 0.040468, -0.178296),(0.107741, 0.122272, -0.045490, 0.985582),(-0.023964, 0.046643, 0.116829),(0.069561, 0.119107, -0.008365, 0.990406),(0.0, 0.0, 0.1),(0.234765, -0.139781, 0.961950),(0.050196, 0.002488, 0.420701),
(-0.023786, 0.039632, -0.178130),(0.106740, 0.125013, -0.046672, 0.985292),(-0.023510, 0.046639, 0.116806),(0.069868, 0.120301, -0.008488, 0.990239),(0.0, 0.0, 0.1),(0.237067, -0.140415, 0.961292),(0.050734, 0.002664, 0.417862),
(-0.024385, 0.040420, -0.177972),(0.107609, 0.123378, -0.046207, 0.985425),(-0.023262, 0.046665, 0.116809),(0.070200, 0.120865, -0.008569, 0.990147),(0.0, 0.0, 0.1),(0.238146, -0.141088, 0.960927),(0.051000, 0.002669, 0.416458),
(-0.024263, 0.040415, -0.177876),(0.107224, 0.122070, -0.045925, 0.985643),(-0.023102, 0.046746, 0.116867),(0.070447, 0.121132, -0.008619, 0.990096),(0.0, 0.0, 0.1),(0.238649, -0.141586, 0.960729),(0.051138, 0.002702, 0.415732),
(-0.024238, 0.040383, -0.177714),(0.107201, 0.122032, -0.046026, 0.985646),(-0.023022, 0.046808, 0.116925),(0.070599, 0.121264, -0.008647, 0.990069),(0.0, 0.0, 0.1),(0.238898, -0.141893, 0.960622),(0.051203, 0.002723, 0.415388),
(-0.024409, 0.040427, -0.177541),(0.107592, 0.122387, -0.045206, 0.985597),(-0.022983, 0.046875, 0.116996),(0.070768, 0.121413, -0.008679, 0.990038),(0.0, 0.0, 0.1),(0.239179, -0.142234, 0.960501),(0.051254, 0.002728, 0.415117),
(-0.024782, 0.040359, -0.177531),(0.107842, 0.122277, -0.043742, 0.985650),(-0.023004, 0.046939, 0.117085),(0.070923, 0.121535, -0.008707, 0.990012),(0.0, 0.0, 0.1),(0.239407, -0.142546, 0.960398),(0.051269, 0.002716, 0.415037),
(-0.025126, 0.040489, -0.177451),(0.108064, 0.121628, -0.042817, 0.985746),(-0.023098, 0.046983, 0.117178),(0.071057, 0.121537, -0.008723, 0.990002),(0.0, 0.0, 0.1),(0.239404, -0.142814, 0.960359),(0.051220, 0.002650, 0.415299),
(-0.025745, 0.040509, -0.177086),(0.108198, 0.120601, -0.041701, 0.985906),(-0.023307, 0.047024, 0.117306),(0.071173, 0.121336, -0.008723, 0.990018),(0.0, 0.0, 0.1),(0.239007, -0.143041, 0.960424),(0.051060, 0.002517, 0.416141),
(-0.026741, 0.040517, -0.176591),(0.108807, 0.119137, -0.039646, 0.986101),(-0.023699, 0.047078, 0.117512),(0.071332, 0.120810, -0.008704, 0.990071),(0.0, 0.0, 0.1),(0.237978, -0.143350, 0.960634),(0.050722, 0.002250, 0.417923),
(-0.027821, 0.040181, -0.175929),(0.110353, 0.116942, -0.035233, 0.986360),(-0.024211, 0.047114, 0.117780),(0.071622, 0.120008, -0.008681, 0.990148),(0.0, 0.0, 0.1),(0.236407, -0.143917, 0.960937),(0.050247, 0.001787, 0.420432),
(-0.028888, 0.040143, -0.175037),(0.113794, 0.114885, -0.031385, 0.986340),(-0.024930, 0.047102, 0.118167),(0.072345, 0.118871, -0.008685, 0.990233),(0.0, 0.0, 0.1),(0.234164, -0.145342, 0.961272),(0.049570, 0.000861, 0.424001),
(-0.030186, 0.038958, -0.173855),(0.116809, 0.113987, -0.025426, 0.986264),(-0.025935, 0.046953, 0.118804),(0.073668, 0.117581, -0.008747, 0.990289),(0.0, 0.0, 0.1),(0.231589, -0.147963, 0.961496),(0.048692, -0.000727, 0.428636),
(-0.031592, 0.037370, -0.172818),(0.123903, 0.113318, -0.019451, 0.985611),(-0.026994, 0.046618, 0.119517),(0.075714, 0.116504, -0.008908, 0.990260),(0.0, 0.0, 0.1),(0.229390, -0.152029, 0.961388),(0.047838, -0.002977, 0.433142),
(-0.032938, 0.036516, -0.171567),(0.131741, 0.112663, -0.014142, 0.984760),(-0.028121, 0.046060, 0.120330),(0.078724, 0.115622, -0.009193, 0.990126),(0.0, 0.0, 0.1),(0.227513, -0.158019, 0.960868),(0.046997, -0.006113, 0.437581),
(-0.033488, 0.035703, -0.170753),(0.134892, 0.112227, -0.011413, 0.984418),(-0.028846, 0.045569, 0.120926),(0.081060, 0.115174, -0.009430, 0.989988),(0.0, 0.0, 0.1),(0.226513, -0.162669, 0.960329),(0.046483, -0.008529, 0.440293),
(-0.034859, 0.032515, -0.169064),(0.147710, 0.111453, -0.004705, 0.982720),(-0.030884, 0.043774, 0.122779),(0.088891, 0.114135, -0.010254, 0.989427),(0.0, 0.0, 0.1),(0.224034, -0.178244, 0.958143),(0.045084, -0.016667, 0.447676),
(-0.035107, 0.030493, -0.168343),(0.156472, 0.111295, 0.000587, 0.981392),(-0.032076, 0.042282, 0.124031),(0.095017, 0.113747, -0.010929, 0.988895),(0.0, 0.0, 0.1),(0.222890, -0.190410, 0.956067),(0.044318, -0.022980, 0.451716),
(-0.035093, 0.028506, -0.168227),(0.164883, 0.111903, 0.004317, 0.979935),(-0.033146, 0.040265, 0.125313),(0.102771, 0.113781, -0.011834, 0.988105),(0.0, 0.0, 0.1),(0.222423, -0.205790, 0.952984),(0.043743, -0.030874, 0.454748),
(-0.035125, 0.028268, -0.168174),(0.170653, 0.113706, 0.004609, 0.978738),(-0.033965, 0.038073, 0.126394),(0.110742, 0.114414, -0.012835, 0.987158),(0.0, 0.0, 0.1),(0.223047, -0.221577, 0.949291),(0.043494, -0.038876, 0.456062),
(-0.035133, 0.027159, -0.168562),(0.170925, 0.115599, 0.004393, 0.978469),(-0.034459, 0.036043, 0.127148),(0.117297, 0.115651, -0.013755, 0.986244),(0.0, 0.0, 0.1),(0.224894, -0.234549, 0.945732),(0.181781, -0.189481, 1.036490),
(-0.034984, 0.026947, -0.168714),(0.169175, 0.115819, 0.005266, 0.978743),(-0.034608, 0.034529, 0.127497),(0.121386, 0.116814, -0.014387, 0.985603),(0.0, 0.0, 0.1),(0.226772, -0.242638, 0.943240),(0.058566, -0.065164, 0.515047),
(-0.034861, 0.026716, -0.168948),(0.168698, 0.115363, 0.006466, 0.978872),(-0.034438, 0.033722, 0.127374),(0.122218, 0.116707, -0.014473, 0.985511),(0.0, 0.0, 0.1),(0.226495, -0.244273, 0.942884),(0.057251, -0.065164, 0.509068),
(-0.033987, 0.025222, -0.170428),(0.164779, 0.110554, 0.005563, 0.980099),(-0.034181, 0.032745, 0.127038),(0.122805, 0.116135, -0.014472, 0.985506),(0.0, 0.0, 0.1),(0.225348, -0.245411, 0.942864),(0.055724, -0.065164, 0.503203),
(-0.033703, 0.023786, -0.172003),(0.166805, 0.109870, 0.003642, 0.979843),(-0.033786, 0.031720, 0.126105),(0.123267, 0.114887, -0.014369, 0.985596),(0.0, 0.0, 0.1),(0.222922, -0.246284, 0.943213),(0.053907, -0.065164, 0.497146),
(-0.033690, 0.023366, -0.173581),(0.168696, 0.109719, 0.002592, 0.979539),(-0.033430, 0.030727, 0.124804),(0.124208, 0.113931, -0.014358, 0.985589),(0.0, 0.0, 0.1),(0.221011, -0.248108, 0.943184),(0.051988, -0.065164, 0.489334),
(-0.033794, 0.023910, -0.174693),(0.167437, 0.110666, 0.000490, 0.979652),(-0.033241, 0.029987, 0.123439),(0.124616, 0.113578, -0.014361, 0.985578),(0.0, 0.0, 0.1),(0.220301, -0.248900, 0.943142),(0.050976, -0.065164, 0.483988),
(-0.034259, 0.024226, -0.175532),(0.164602, 0.112637, -0.001529, 0.979907),(-0.033233, 0.029633, 0.122051),(0.123920, 0.113979, -0.014330, 0.985620),(0.0, 0.0, 0.1),(0.221128, -0.247542, 0.943306),(0.051448, -0.065164, 0.483293),
(-0.034922, 0.024546, -0.176264),(0.161380, 0.114253, -0.002129, 0.980254),(-0.033385, 0.029639, 0.121028),(0.122519, 0.114708, -0.014258, 0.985712),(0.0, 0.0, 0.1),(0.222644, -0.244809, 0.943662),(0.052834, -0.065164, 0.486463),
(-0.035688, 0.024726, -0.176600),(0.158050, 0.115560, -0.002772, 0.980642),(-0.033744, 0.029844, 0.120144),(0.120415, 0.115652, -0.014126, 0.985863),(0.0, 0.0, 0.1),(0.224633, -0.240693, 0.944250),(0.054924, -0.065164, 0.492865),
(-0.036429, 0.024816, -0.176910),(0.156002, 0.116731, -0.003639, 0.980828),(-0.034248, 0.030097, 0.119476),(0.118371, 0.116616, -0.014000, 0.985999),(0.0, 0.0, 0.1),(0.226652, -0.236693, 0.944778),(0.056972, -0.065164, 0.499717),
(-0.037274, 0.024999, -0.177104),(0.155334, 0.118041, -0.003762, 0.980777),(-0.034937, 0.030401, 0.118956),(0.116534, 0.117787, -0.013920, 0.986079),(0.0, 0.0, 0.1),(0.229051, -0.233102, 0.945092),(0.058967, -0.065164, 0.506415),
(-0.037768, 0.025350, -0.176961),(0.154250, 0.118920, -0.003391, 0.980843),(-0.035602, 0.030669, 0.118638),(0.115029, 0.118843, -0.013863, 0.986130),(0.0, 0.0, 0.1),(0.231200, -0.230162, 0.945289),(0.060664, -0.065164, 0.512231),
(-0.037954, 0.024889, -0.177147),(0.153905, 0.119798, -0.002639, 0.980793),(-0.036151, 0.030836, 0.118455),(0.113971, 0.119782, -0.013843, 0.986140),(0.0, 0.0, 0.1),(0.233087, -0.228099, 0.945326),(0.061949, -0.065164, 0.516314),
(-0.038186, 0.025128, -0.177223),(0.155303, 0.121739, -0.003545, 0.980331),(-0.036662, 0.030910, 0.118292),(0.113639, 0.121104, -0.013957, 0.986015),(0.0, 0.0, 0.1),(0.235649, -0.227480, 0.944840),(0.062862, -0.065164, 0.517336),
(-0.038648, 0.025760, -0.177271),(0.156417, 0.123148, -0.003664, 0.979977),(-0.037019, 0.030985, 0.118193),(0.113752, 0.122333, -0.014115, 0.985848),(0.0, 0.0, 0.1),(0.237992, -0.227739, 0.944190),(0.063458, -0.065164, 0.516818),
(-0.039070, 0.026988, -0.176915),(0.155693, 0.123038, -0.002888, 0.980109),(-0.037340, 0.031240, 0.118197),(0.113734, 0.123300, -0.014226, 0.985728),(0.0, 0.0, 0.1),(0.239844, -0.227730, 0.943724),(0.064192, -0.065164, 0.517701),
(-0.039628, 0.028675, -0.175997),(0.152383, 0.121806, -0.004735, 0.980775),(-0.037719, 0.031887, 0.118457),(0.112839, 0.123533, -0.014140, 0.985803),(0.0, 0.0, 0.1),(0.240367, -0.225967, 0.944014),(0.065516, -0.065164, 0.523904),
(-0.040017, 0.029575, -0.175007),(0.149323, 0.120039, -0.004105, 0.981467),(-0.038086, 0.032771, 0.118908),(0.111386, 0.123133, -0.013910, 0.986021),(0.0, 0.0, 0.1),(0.239724, -0.223083, 0.944863),(0.196109, -0.185166, 1.041975),
(-0.039889, 0.030406, -0.173883),(0.146598, 0.118139, -0.003041, 0.982112),(-0.038441, 0.033910, 0.119640),(0.109240, 0.122088, -0.013521, 0.986397),(0.0, 0.0, 0.1),(0.237899, -0.218810, 0.946322),(0.044629, -0.042494, 0.450077),
(-0.039788, 0.030415, -0.173344),(0.145717, 0.117438, -0.003290, 0.982326),(-0.038579, 0.034498, 0.120159),(0.108139, 0.121394, -0.013306, 0.986607),(0.0, 0.0, 0.1),(0.236659, -0.216612, 0.947139),(0.044296, -0.041357, 0.451834),
(-0.038596, 0.029296, -0.172532),(0.148813, 0.118198, -0.003806, 0.981769),(-0.038568, 0.035196, 0.121137),(0.107300, 0.120628, -0.013117, 0.986795),(0.0, 0.0, 0.1),(0.235256, -0.214931, 0.947871),(0.043955, -0.040197, 0.453631),
(-0.038491, 0.029133, -0.172676),(0.150376, 0.119082, -0.003933, 0.981423),(-0.037950, 0.034614, 0.121175),(0.108632, 0.119202, -0.013122, 0.986822),(0.0, 0.0, 0.1),(0.232412, -0.217530, 0.947980),(0.043781, -0.041884, 0.454547),
(-0.037838, 0.028027, -0.173653),(0.152384, 0.116426, -0.007161, 0.981414),(-0.037513, 0.035237, 0.118539),(0.102202, 0.113266, -0.011714, 0.988225),(0.0, 0.0, 0.1),(0.221470, -0.204651, 0.953451),(0.042323, -0.038536, 0.462242),
(-0.037843, 0.032108, -0.183547),(0.121415, 0.100733, -0.014728, 0.987368),(-0.037311, 0.036082, 0.116402),(0.096100, 0.109411, -0.010628, 0.989283),(0.0, 0.0, 0.1),(0.214434, -0.192465, 0.957588),(0.041319, -0.034492, 0.467540),
(-0.038382, 0.033160, -0.184192),(0.116752, 0.101026, -0.014425, 0.987904),(-0.037275, 0.036947, 0.114751),(0.090731, 0.106835, -0.009790, 0.990080),(0.0, 0.0, 0.1),(0.209774, -0.181754, 0.960708),(0.040594, -0.030520, 0.471368),
(-0.038710, 0.034161, -0.184346),(0.112153, 0.101038, -0.014504, 0.988434),(-0.037333, 0.037806, 0.113482),(0.085917, 0.105071, -0.009112, 0.990705),(0.0, 0.0, 0.1),(0.206623, -0.172152, 0.963157),(0.040054, -0.026671, 0.474215),
(-0.038899, 0.034491, -0.184360),(0.110487, 0.100871, -0.014178, 0.988644),(-0.037471, 0.038605, 0.112547),(0.081738, 0.103775, -0.008558, 0.991200),(0.0, 0.0, 0.1),(0.204324, -0.163813, 0.965100),(0.039603, -0.023188, 0.476597),
(-0.039121, 0.034641, -0.184226),(0.109133, 0.100134, -0.014805, 0.988860),(-0.037642, 0.039276, 0.111893),(0.078379, 0.102824, -0.008128, 0.991574),(0.0, 0.0, 0.1),(0.202640, -0.157108, 0.966568),(0.039230, -0.020323, 0.478563),
(-0.039043, 0.034257, -0.184034),(0.110358, 0.100599, -0.014249, 0.988685),(-0.037803, 0.039692, 0.111501),(0.076209, 0.102275, -0.007859, 0.991802),(0.0, 0.0, 0.1),(0.201676, -0.152775, 0.967464),(0.038984, -0.018477, 0.479860),
(-0.039018, 0.033350, -0.183806),(0.114250, 0.101441, -0.014207, 0.988157),(-0.037919, 0.039833, 0.111301),(0.075261, 0.102008, -0.007740, 0.991902),(0.0, 0.0, 0.1),(0.201198, -0.150882, 0.967861),(0.038847, -0.017735, 0.480583),
(-0.039080, 0.033151, -0.183734),(0.116470, 0.101505, -0.013627, 0.987900),(-0.037996, 0.039767, 0.111239),(0.075205, 0.101879, -0.007724, 0.991920),(0.0, 0.0, 0.1),(0.200950, -0.150769, 0.967930),(0.038769, -0.017828, 0.480997),
(-0.039053, 0.032994, -0.183674),(0.117629, 0.101314, -0.013168, 0.987788),(-0.038051, 0.039583, 0.111268),(0.075671, 0.101801, -0.007766, 0.991892),(0.0, 0.0, 0.1),(0.200776, -0.151697, 0.967821),(0.038712, -0.018415, 0.481298),
(-0.039036, 0.032773, -0.183560),(0.118770, 0.101199, -0.012660, 0.987670),(-0.038078, 0.039336, 0.111347),(0.076357, 0.101725, -0.007831, 0.991847),(0.0, 0.0, 0.1),(0.200596, -0.153061, 0.967643),(0.038665, -0.019221, 0.481543),
(-0.038862, 0.032621, -0.183517),(0.118810, 0.101013, -0.012369, 0.987688),(-0.038073, 0.039110, 0.111419),(0.077035, 0.101665, -0.007897, 0.991800),(0.0, 0.0, 0.1),(0.200446, -0.154412, 0.967460),(0.038640, -0.019985, 0.481677),
(-0.038670, 0.032515, -0.183541),(0.119663, 0.101088, -0.012355, 0.987578),(-0.037998, 0.038905, 0.111461),(0.077748, 0.101653, -0.007969, 0.991745),(0.0, 0.0, 0.1),(0.200388, -0.155832, 0.967244),(0.038669, -0.020716, 0.481523),
(-0.038455, 0.032527, -0.183690),(0.119549, 0.101285, -0.012360, 0.987571),(-0.037884, 0.038779, 0.111468),(0.078251, 0.101668, -0.008022, 0.991704),(0.0, 0.0, 0.1),(0.200393, -0.156834, 0.967081),(0.038730, -0.021182, 0.481203),
(-0.038220, 0.032865, -0.183738),(0.119088, 0.101341, -0.013294, 0.987609),(-0.037708, 0.038779, 0.111450),(0.078373, 0.101687, -0.008036, 0.991692),(0.0, 0.0, 0.1),(0.200425, -0.157078, 0.967035),(0.038824, -0.021200, 0.480708),
(-0.038110, 0.032951, -0.183742),(0.118020, 0.101238, -0.014043, 0.987737),(-0.037538, 0.038848, 0.111428),(0.078287, 0.101686, -0.008027, 0.991699),(0.0, 0.0, 0.1),(0.200426, -0.156908, 0.967062),(0.038906, -0.020998, 0.480273),
(-0.037905, 0.033203, -0.183572),(0.117407, 0.101328, -0.015165, 0.987785),(-0.037359, 0.038994, 0.111428),(0.078063, 0.101726, -0.008007, 0.991713),(0.0, 0.0, 0.1),(0.200515, -0.156462, 0.967116),(0.039006, -0.020593, 0.479747),
(-0.037896, 0.033177, -0.183530),(0.117461, 0.101666, -0.015895, 0.987732),(-0.037228, 0.039111, 0.111456),(0.077924, 0.101808, -0.008000, 0.991715),(0.0, 0.0, 0.1),(0.200683, -0.156186, 0.967126),(0.039095, -0.020290, 0.479274),
(-0.037977, 0.033038, -0.183371),(0.117741, 0.101798, -0.016154, 0.987681),(-0.037145, 0.039145, 0.111530),(0.078123, 0.101871, -0.008025, 0.991693),(0.0, 0.0, 0.1),(0.200797, -0.156582, 0.967038),(0.039152, -0.020351, 0.478975),
(-0.038001, 0.032902, -0.183328),(0.119010, 0.101637, -0.016233, 0.987544),(-0.037119, 0.039098, 0.111606),(0.078532, 0.101878, -0.008068, 0.991660),(0.0, 0.0, 0.1),(0.200790, -0.157399, 0.966907),(0.039161, -0.020697, 0.478930),
(-0.038172, 0.032772, -0.183330),(0.119816, 0.101281, -0.015530, 0.987494),(-0.037133, 0.039027, 0.111668),(0.078972, 0.101772, -0.008105, 0.991635),(0.0, 0.0, 0.1),(0.200561, -0.158273, 0.966812),(0.039110, -0.021140, 0.479199),
(-0.038252, 0.032839, -0.183323),(0.120173, 0.100705, -0.015453, 0.987511),(-0.037215, 0.038942, 0.111723),(0.079387, 0.101410, -0.008119, 0.991639),(0.0, 0.0, 0.1),(0.199836, -0.159093, 0.966827),(0.038933, -0.021681, 0.480133),
(-0.038418, 0.032531, -0.183426),(0.120357, 0.099876, -0.015263, 0.987576),(-0.037306, 0.038856, 0.111734),(0.079756, 0.101112, -0.008132, 0.991640),(0.0, 0.0, 0.1),(0.199236, -0.159824, 0.966831),(0.038778, -0.022178, 0.480948),
(-0.038389, 0.032502, -0.183496),(0.120742, 0.100154, -0.014406, 0.987514),(-0.037386, 0.038763, 0.111699),(0.080039, 0.100921, -0.008146, 0.991636),(0.0, 0.0, 0.1),(0.198850, -0.160384, 0.966817),(0.038673, -0.022583, 0.481501),
(-0.038451, 0.032474, -0.183631),(0.120666, 0.100237, -0.014370, 0.987515),(-0.037445, 0.038693, 0.111646),(0.080230, 0.100791, -0.008155, 0.991634),(0.0, 0.0, 0.1),(0.198587, -0.160761, 0.966809),(0.038602, -0.022869, 0.481877),
(-0.038473, 0.032656, -0.183644),(0.120498, 0.100064, -0.014088, 0.987557),(-0.037489, 0.038668, 0.111594),(0.080228, 0.100645, -0.008143, 0.991649),(0.0, 0.0, 0.1),(0.198303, -0.160755, 0.966868),(0.038532, -0.022958, 0.482248),
(-0.038370, 0.032729, -0.183593),(0.119640, 0.099815, -0.014466, 0.987681),(-0.037505, 0.038679, 0.111554),(0.080096, 0.100523, -0.008119, 0.991672),(0.0, 0.0, 0.1),(0.198072, -0.160490, 0.966960),(0.038482, -0.022890, 0.482510),
(-0.038287, 0.032767, -0.183515),(0.119487, 0.099949, -0.014537, 0.987685),(-0.037490, 0.038707, 0.111535),(0.079951, 0.100459, -0.008099, 0.991691),(0.0, 0.0, 0.1),(0.197954, -0.160201, 0.967032),(0.038466, -0.022764, 0.482593),
(-0.038201, 0.032767, -0.183469),(0.119617, 0.100092, -0.014854, 0.987650),(-0.037452, 0.038742, 0.111552),(0.079912, 0.100468, -0.008096, 0.991693),(0.0, 0.0, 0.1),(0.197972, -0.160123, 0.967041),(0.038486, -0.022678, 0.482488),
(-0.038172, 0.032766, -0.183275),(0.120088, 0.100370, -0.015380, 0.987557),(-0.037402, 0.038763, 0.111596),(0.079962, 0.100511, -0.008104, 0.991684),(0.0, 0.0, 0.1),(0.198054, -0.160224, 0.967007),(0.038522, -0.022659, 0.482299),
(-0.038174, 0.032669, -0.183203),(0.120314, 0.100337, -0.015278, 0.987534),(-0.037355, 0.038760, 0.111675),(0.080123, 0.100540, -0.008123, 0.991668),(0.0, 0.0, 0.1),(0.198102, -0.160544, 0.966944),(0.038548, -0.022754, 0.482162),
(-0.038226, 0.032669, -0.183090),(0.120789, 0.100139, -0.015325, 0.987496),(-0.037337, 0.038744, 0.111775),(0.080327, 0.100513, -0.008142, 0.991654),(0.0, 0.0, 0.1),(0.198039, -0.160951, 0.966890),(0.038538, -0.022921, 0.482216),
(-0.038312, 0.032625, -0.182900),(0.121006, 0.099929, -0.015299, 0.987491),(-0.037344, 0.038721, 0.111884),(0.080534, 0.100458, -0.008158, 0.991643),(0.0, 0.0, 0.1),(0.197923, -0.161361, 0.966845),(0.038504, -0.023116, 0.482396),
(-0.038379, 0.032679, -0.182858),(0.121125, 0.099908, -0.015086, 0.987481),(-0.037382, 0.038708, 0.111991),(0.080671, 0.100397, -0.008167, 0.991638),(0.0, 0.0, 0.1),(0.197796, -0.161633, 0.966825),(0.038452, -0.023261, 0.482667),
(-0.038515, 0.032700, -0.182817),(0.120777, 0.099747, -0.014795, 0.987545),(-0.037437, 0.038712, 0.112081),(0.080735, 0.100304, -0.008166, 0.991642),(0.0, 0.0, 0.1),(0.197613, -0.161758, 0.966842),(0.038382, -0.023351, 0.483037),
(-0.038592, 0.032809, -0.182822),(0.120751, 0.099529, -0.014581, 0.987573),(-0.037516, 0.038738, 0.112154),(0.080652, 0.100162, -0.008146, 0.991664),(0.0, 0.0, 0.1),(0.197341, -0.161591, 0.966926),(0.038284, -0.023330, 0.483556),
(-0.038660, 0.032869, -0.182877),(0.119919, 0.099153, -0.014047, 0.987720),(-0.037605, 0.038778, 0.112180),(0.080378, 0.099913, -0.008098, 0.991711),(0.0, 0.0, 0.1),(0.196869, -0.161042, 0.967113),(0.038144, -0.023186, 0.484296),
(-0.038699, 0.032890, -0.182961),(0.119476, 0.098631, -0.014067, 0.987826),(-0.037701, 0.038875, 0.112155),(0.079808, 0.099393, -0.007998, 0.991810),(0.0, 0.0, 0.1),(0.195881, -0.159899, 0.967504),(0.037902, -0.022839, 0.485573),
(-0.039280, 0.033924, -0.182937),(0.117143, 0.096729, -0.014019, 0.988294),(-0.037915, 0.039129, 0.112216),(0.078478, 0.098260, -0.007773, 0.992031),(0.0, 0.0, 0.1),(0.193734, -0.157232, 0.968373),(0.037356, -0.021959, 0.488452),
(-0.042100, 0.035940, -0.182209),(0.108768, 0.088474, -0.012098, 0.990048),(-0.038558, 0.039722, 0.112492),(0.075289, 0.094719, -0.007184, 0.992627),(0.0, 0.0, 0.1),(0.186960, -0.150828, 0.970720),(0.035618, -0.020119, 0.497623),
(-0.047030, 0.038705, -0.181136),(0.094559, 0.067389, -0.010922, 0.993176),(-0.039966, 0.040738, 0.113017),(0.069800, 0.086967, -0.006109, 0.993744),(0.0, 0.0, 0.1),(0.171992, -0.139790, 0.975129),(0.078902, -0.055875, 0.786954),
(-0.049953, 0.039711, -0.179946),(0.083696, 0.044381, -0.009055, 0.995462),(-0.042251, 0.042130, 0.113753),(0.062140, 0.074487, -0.004651, 0.995273),(0.0, 0.0, 0.1),(0.147692, -0.124385, 0.981181),(0.058370, -0.042612, 0.782225),
(-0.052839, 0.040594, -0.178643),(0.074026, 0.023119, -0.006609, 0.996966),(-0.045474, 0.043792, 0.114634),(0.052779, 0.057222, -0.003029, 0.996961),(0.0, 0.0, 0.1),(0.113776, -0.105583, 0.987880),(0.030691, -0.026887, 0.775943),
(-0.057606, 0.042100, -0.177538),(0.063712, -0.004160, -0.002467, 0.997957),(-0.049515, 0.045624, 0.115594),(0.042341, 0.036105, -0.001531, 0.998450),(0.0, 0.0, 0.1),(0.071968, -0.084662, 0.993807),(-0.002230, -0.010001, 0.768550),
(-0.059821, 0.043571, -0.176481),(0.057016, -0.019211, 0.000290, 0.998188),(-0.053981, 0.047534, 0.116653),(0.031051, 0.013425, -0.000417, 0.999428),(-0.1, 0.0, 0.1),(0.026809, -0.062077, 0.997711),(-0.036671, 0.007454, 0.760825),
(-0.062813, 0.044823, -0.174728),(0.046471, -0.035254, 0.004812, 0.998286),(-0.059200, 0.049747, 0.118120),(0.017387, -0.011909, 0.000207, 0.999778),(-0.1, 0.0, 0.1),(-0.023806, -0.034771, 0.999112),(-0.074312, 0.027674, 0.752333),
(-0.065384, 0.045866, -0.173145),(0.038671, -0.044708, 0.008058, 0.998219),(-0.062984, 0.051309, 0.119451),(0.007588, -0.029295, 0.000222, 0.999542),(-0.1, 0.1, 0.1),(-0.058560, -0.015182, 0.998169),(-0.099697, 0.041790, 0.745223),
(-0.066664, 0.045983, -0.171429),(0.035966, -0.049402, 0.010694, 0.998074),(-0.065527, 0.052199, 0.120750),(0.001581, -0.039504, 0.000063, 0.999218),(-0.1, 0.1, 0.1),(-0.078946, -0.003165, 0.996874),(-0.114602, 0.050232, 0.740433),
(-0.068417, 0.046158, -0.170671),(0.034860, -0.050666, 0.011259, 0.998044),(-0.067385, 0.052537, 0.122064),(-0.001452, -0.045894, -0.000067, 0.998945),(-0.1, 0.1, 0.1),(-0.091691, 0.002908, 0.995783),(-0.124048, 0.054334, 0.737430),
(-0.068918, 0.045305, -0.169734),(0.037265, -0.052175, 0.012681, 0.997862),(-0.068781, 0.052339, 0.123437),(-0.001075, -0.049191, -0.000053, 0.998789),(-0.1, 0.1, 0.1),(-0.098263, 0.002153, 0.995158),(-0.129252, 0.053664, 0.735851),
(-0.069921, 0.045015, -0.168381),(0.040821, -0.051684, 0.015823, 0.997703),(-0.069906, 0.051821, 0.124841),(0.001049, -0.050585, 0.000053, 0.998719),(-0.1, 0.1, 0.1),(-0.101041, -0.002102, 0.994880),(-0.131887, 0.050532, 0.735124),
(-0.071057, 0.044115, -0.167186),(0.045394, -0.051598, 0.018284, 0.997468),(-0.070161, 0.051658, 0.125187),(0.001881, -0.050781, 0.000096, 0.998708),(-0.1, 0.1, 0.1),(-0.101431, -0.003766, 0.994836),(-0.132338, 0.049350, 0.735017),
(-0.071993, 0.044061, -0.166208),(0.048122, -0.051795, 0.019254, 0.997312),(-0.070631, 0.051387, 0.125807),(0.003245, -0.051234, 0.000166, 0.998681),(-0.1, 0.1, 0.1),(-0.102332, -0.006499, 0.994729),(-0.133278, 0.047408, 0.734779),
(-0.072985, 0.044429, -0.165252),(0.049879, -0.054075, 0.019051, 0.997108),(-0.071321, 0.051130, 0.126676),(0.004567, -0.052078, 0.000238, 0.998633),(-0.1, 0.1, 0.1),(-0.104012, -0.009147, 0.994534),(-0.134873, 0.045541, 0.734338),
(-0.073977, 0.044411, -0.164577),(0.047609, -0.055735, 0.019434, 0.997121),(-0.072111, 0.050956, 0.127518),(0.005550, -0.053445, 0.000297, 0.998555),(-0.1, 0.1, 0.1),(-0.106731, -0.011115, 0.994226),(-0.137182, 0.044180, 0.733665),
(-0.074919, 0.044096, -0.164330),(0.047971, -0.059943, 0.019911, 0.996850),(-0.072947, 0.050713, 0.128216),(0.006355, -0.055312, 0.000352, 0.998449),(-0.1, 0.1, 0.1),(-0.110448, -0.012730, 0.993800),(-0.140138, 0.042969, 0.732790),
(-0.075482, 0.044119, -0.164242),(0.047876, -0.062967, 0.019866, 0.996669),(-0.073784, 0.050589, 0.128752),(0.006766, -0.057441, 0.000389, 0.998326),(-0.1, 0.1, 0.1),(-0.114684, -0.013554, 0.993310),(-0.143409, 0.042361, 0.731802),
(-0.075851, 0.044220, -0.164361),(0.046002, -0.064166, 0.019287, 0.996692),(-0.074459, 0.050533, 0.129127),(0.006792, -0.059279, 0.000403, 0.998218),(-0.1, 0.1, 0.1),(-0.118341, -0.013607, 0.992880),(-0.146191, 0.042285, 0.730951),
(-0.075749, 0.043792, -0.164397),(0.045180, -0.064671, 0.019056, 0.996701),(-0.074967, 0.050504, 0.129286),(0.006668, -0.060909, 0.000407, 0.998121),(-0.1, 0.1, 0.1),(-0.121583, -0.013361, 0.992491),(-0.148583, 0.042414, 0.730214),
(-0.076042, 0.044277, -0.165685),(0.044729, -0.066131, 0.017225, 0.996659),(-0.075351, 0.050493, 0.129259),(0.006353, -0.062559, 0.000398, 0.998021),(-0.1, 0.1, 0.1),(-0.124865, -0.012730, 0.992092),(-0.150897, 0.042791, 0.729495),
(-0.076463, 0.043712, -0.166155),(0.044396, -0.069617, 0.016361, 0.996451),(-0.075682, 0.050446, 0.129079),(0.006113, -0.064560, 0.000396, 0.997895),(-0.1, 0.1, 0.1),(-0.128843, -0.012252, 0.991589),(-0.153589, 0.043037, 0.728663),
(-0.076509, 0.043176, -0.166807),(0.045754, -0.074587, 0.015666, 0.996041),(-0.075929, 0.050259, 0.128641),(0.006324, -0.067018, 0.000425, 0.997732),(-0.1, 0.1, 0.1),(-0.133727, -0.012676, 0.990937),(-0.156772, 0.042596, 0.727698),
(-0.075642, 0.043266, -0.167253),(0.047190, -0.073168, 0.015757, 0.996078),(-0.075999, 0.050056, 0.128152),(0.006568, -0.068611, 0.000452, 0.997622),(-0.1, 0.1, 0.1),(-0.136889, -0.013168, 0.990499),(-0.157910, 0.042177, 0.720842),
(-0.075376, 0.042620, -0.167949),(0.047708, -0.070586, 0.015446, 0.996244),(-0.075946, 0.049832, 0.127658),(0.007080, -0.069378, 0.000492, 0.997565),(-0.1, 0.0, 0.1),(-0.138412, -0.014194, 0.990273),(-0.158834, 0.041332, 0.720682),
(-0.075631, 0.042455, -0.168283),(0.049435, -0.069887, 0.016692, 0.996190),(-0.075891, 0.049628, 0.127224),(0.007718, -0.069820, 0.000540, 0.997530),(-0.1, 0.0, 0.1),(-0.139286, -0.015474, 0.990131),(-0.159370, 0.040355, 0.720639),
(-0.075452, 0.043220, -0.168936),(0.050196, -0.070037, 0.017137, 0.996133),(-0.075856, 0.049500, 0.126815),(0.008172, -0.070120, 0.000574, 0.997505),(-0.1, 0.0, 0.1),(-0.139880, -0.016384, 0.990033),(-0.159752, 0.039673, 0.720607),
(-0.075779, 0.042764, -0.169516),(0.048650, -0.070864, 0.016473, 0.996163),(-0.075852, 0.049415, 0.126371),(0.008628, -0.070586, 0.000611, 0.997468),(-0.1, 0.0, 0.1),(-0.140804, -0.017298, 0.989886),(-0.160364, 0.039033, 0.720509),
(-0.075909, 0.042772, -0.171013),(0.051719, -0.073571, 0.016628, 0.995809),(-0.075848, 0.049522, 0.125504),(0.009322, -0.071330, 0.000667, 0.997409),(-0.1, 0.0, 0.1),(-0.142278, -0.018692, 0.989650),(-0.161361, 0.038288, 0.720318),
(-0.075093, 0.046394, -0.174171),(0.049319, -0.073071, 0.018946, 0.995926),(-0.075801, 0.049989, 0.124494),(0.008520, -0.071954, 0.000615, 0.997371),(-0.1, 0.0, 0.1),(-0.143519, -0.017084, 0.989500),(-0.162168, 0.039708, 0.719958),
(-0.075986, 0.048254, -0.174761),(0.033015, -0.074225, 0.021154, 0.996470),(-0.075811, 0.050915, 0.123395),(0.005722, -0.072928, 0.000418, 0.997321),(-0.1, 0.1, 0.1),(-0.145460, -0.011474, 0.989298),(-0.163413, 0.044005, 0.719186),
(-0.075614, 0.048820, -0.176305),(0.025693, -0.078194, 0.019964, 0.996407),(-0.075767, 0.051955, 0.122161),(0.001876, -0.074115, 0.000139, 0.997248),(-0.1, 0.1, 0.1),(-0.147821, -0.003763, 0.989007),(-0.164887, 0.049687, 0.718431),
(-0.074208, 0.048738, -0.176723),(0.023171, -0.076752, 0.020765, 0.996565),(-0.075604, 0.052915, 0.120873),(-0.002041, -0.074891, -0.000153, 0.997190),(-0.1, 0.1, 0.1),(-0.149360, 0.004093, 0.988774),(-0.165904, 0.055389, 0.718665),
(-0.074428, 0.049058, -0.177577),(0.021891, -0.075072, 0.018986, 0.996757),(-0.075404, 0.053679, 0.119716),(-0.005475, -0.075460, -0.000414, 0.997134),(-0.1, 0.1, 0.1),(-0.150484, 0.010981, 0.988552),(-0.166615, 0.060335, 0.718896),
(-0.074640, 0.048526, -0.177153),(0.023150, -0.076524, 0.016562, 0.996661),(-0.075224, 0.054039, 0.118886),(-0.007691, -0.075935, -0.000586, 0.997083),(-0.1, 0.1, 0.1),(-0.151418, 0.015427, 0.988349),(-0.167167, 0.063406, 0.719021),
(-0.074808, 0.045016, -0.175554),(0.031612, -0.076378, 0.019625, 0.996385),(-0.075067, 0.053711, 0.118630),(-0.006880, -0.076087, -0.000525, 0.997077),(-0.1, 0.1, 0.1),(-0.151722, 0.013799, 0.988327),(-0.167220, 0.062092, 0.718919),
(-0.074111, 0.044330, -0.174009),(0.043042, -0.073812, 0.021334, 0.996115),(-0.074929, 0.053063, 0.118830),(-0.004724, -0.075665, -0.000358, 0.997122),(-0.1, 0.1, 0.1),(-0.150892, 0.009475, 0.988505),(-0.166513, 0.058814, 0.718805),
(-0.074088, 0.043224, -0.172402),(0.048721, -0.070404, 0.021055, 0.996106),(-0.074803, 0.052345, 0.119293),(-0.002168, -0.074884, -0.000163, 0.997190),(-0.1, 0.1, 0.1),(-0.149346, 0.004348, 0.988775),(-0.165343, 0.054981, 0.718731),
(-0.074070, 0.043441, -0.172164),(0.050456, -0.068863, 0.020940, 0.996129),(-0.074680, 0.051643, 0.119940),(0.000481, -0.073847, 0.000036, 0.997270),(-0.1, 0.1, 0.1),(-0.147291, -0.000965, 0.989093),(-0.163846, 0.051059, 0.718705),
(-0.074165, 0.043410, -0.172320),(0.050163, -0.068539, 0.020330, 0.996179),(-0.074569, 0.051087, 0.120549),(0.002837, -0.072789, 0.000207, 0.997343),(-0.1, 0.1, 0.1),(-0.145191, -0.005690, 0.989387),(-0.162403, 0.047645, 0.719083),
(-0.073890, 0.044027, -0.172570),(0.049170, -0.068160, 0.020396, 0.996253),(-0.074490, 0.050835, 0.120984),(0.004281, -0.071761, 0.000308, 0.997413),(-0.1, 0.1, 0.1),(-0.143149, -0.008583, 0.989664),(-0.161082, 0.045643, 0.719640),
(-0.074154, 0.045021, -0.172970),(0.044845, -0.068265, 0.017921, 0.996498),(-0.074332, 0.051080, 0.121089),(0.004166, -0.070390, 0.000294, 0.997511),(-0.1, 0.1, 0.1),(-0.140428, -0.008353, 0.990056),(-0.159292, 0.046027, 0.720079),
(-0.073324, 0.046783, -0.173986),(0.038496, -0.063097, 0.018353, 0.997096),(-0.074186, 0.051540, 0.120970),(0.003218, -0.069263, 0.000223, 0.997593),(-0.1, 0.1, 0.1),(-0.138191, -0.006451, 0.990385),(-0.157813, 0.047636, 0.720309),
(-0.075216, 0.047921, -0.176015),(0.034901, -0.068632, 0.017054, 0.996886),(-0.074199, 0.051928, 0.120733),(0.002165, -0.069403, 0.000151, 0.997586),(-0.1, 0.1, 0.1),(-0.138470, -0.004340, 0.990357),(-0.158000, 0.049301, 0.720089),
(-0.075249, 0.048040, -0.176827),(0.031829, -0.077338, 0.017380, 0.996345),(-0.074347, 0.052445, 0.120145),(0.000423, -0.070998, 0.000030, 0.997476),(-0.1, 0.1, 0.1),(-0.141638, -0.000848, 0.989918),(-0.160089, 0.051932, 0.719402),
(-0.074519, 0.048244, -0.178398),(0.027106, -0.084199, 0.016480, 0.995944),(-0.074488, 0.052923, 0.119396),(-0.001465, -0.072994, -0.000107, 0.997331),(-0.1, 0.1, 0.1),(-0.145598, 0.002939, 0.989340),(-0.162752, 0.054705, 0.719149),
(-0.074323, 0.047201, -0.178708),(0.028447, -0.084230, 0.015757, 0.995916),(-0.074535, 0.053200, 0.118533),(-0.002779, -0.074857, -0.000209, 0.997190),(-0.1, 0.1, 0.1),(-0.149293, 0.005575, 0.988777),(-0.165179, 0.056585, 0.718872),
(-0.073730, 0.046398, -0.178523),(0.034424, -0.080141, 0.016514, 0.996052),(-0.074502, 0.053267, 0.117827),(-0.003426, -0.076159, -0.000262, 0.997090),(-0.1, 0.1, 0.1),(-0.151873, 0.006873, 0.988376),(-0.166825, 0.057445, 0.718655),
(-0.073584, 0.044774, -0.177851),(0.038215, -0.078341, 0.016563, 0.996056),(-0.074415, 0.053092, 0.117363),(-0.003169, -0.076897, -0.000244, 0.997034),(-0.1, 0.1, 0.1),(-0.153336, 0.006357, 0.988154),(-0.167692, 0.056959, 0.718474),
(-0.073545, 0.044122, -0.177081),(0.043587, -0.076899, 0.017578, 0.995931),(-0.074241, 0.052585, 0.117376),(-0.001582, -0.076892, -0.000122, 0.997038),(-0.1, 0.1, 0.1),(-0.153328, 0.003173, 0.988170),(-0.167488, 0.054515, 0.718335),
(-0.072479, 0.044181, -0.175012),(0.047450, -0.073470, 0.014964, 0.996056),(-0.073949, 0.052060, 0.117732),(0.000066, -0.076039, 0.000005, 0.997105),(-0.1, 0.1, 0.1),(-0.151638, -0.000132, 0.988436),(-0.166098, 0.051979, 0.718390),
(-0.071480, 0.042489, -0.174743),(0.048888, -0.067818, 0.012147, 0.996425),(-0.073565, 0.051592, 0.118014),(0.002041, -0.074645, 0.000153, 0.997208),(-0.1, 0.1, 0.1),(-0.148872, -0.004092, 0.988848),(-0.163975, 0.049106, 0.718544),
(-0.071715, 0.045351, -0.177014),(0.050300, -0.066518, 0.011234, 0.996453),(-0.073177, 0.051479, 0.118133),(0.003230, -0.073284, 0.000237, 0.997306),(-0.1, 0.1, 0.1),(-0.146172, -0.006477, 0.989238),(-0.161992, 0.047543, 0.719203),
(-0.070218, 0.048210, -0.177032),(0.039408, -0.064856, 0.010987, 0.997056),(-0.072767, 0.051655, 0.118102),(0.003069, -0.071684, 0.000221, 0.997423),(-0.1, 0.1, 0.1),(-0.142998, -0.006154, 0.989704),(-0.159700, 0.047914, 0.719777),
(-0.070189, 0.046916, -0.176908),(0.034479, -0.060000, 0.008739, 0.997565),(-0.072377, 0.051932, 0.117948),(0.002464, -0.069856, 0.000173, 0.997554),(-0.1, 0.1, 0.1),(-0.139369, -0.004940, 0.990228),(-0.157161, 0.048927, 0.720351),
(-0.071492, 0.045492, -0.177827),(0.041055, -0.060203, 0.007589, 0.997313),(-0.072057, 0.052137, 0.117709),(0.002423, -0.068261, 0.000166, 0.997665),(-0.1, 0.1, 0.1),(-0.136202, -0.004857, 0.990669),(-0.154987, 0.049180, 0.720906),
(-0.070131, 0.046218, -0.177963),(0.046693, -0.060917, 0.010093, 0.996999),(-0.071723, 0.052297, 0.117468),(0.002539, -0.066591, 0.000169, 0.997777),(-0.1, 0.1, 0.1),(-0.132885, -0.005090, 0.991118),(-0.152711, 0.049195, 0.721512),
(-0.068665, 0.047100, -0.177455),(0.042305, -0.055128, 0.011385, 0.997518),(-0.071272, 0.052455, 0.117283),(0.002380, -0.064288, 0.000153, 0.997929),(-0.1, 0.1, 0.1),(-0.128309, -0.004770, 0.991723),(-0.149552, 0.049545, 0.722319),
(-0.068594, 0.046616, -0.177519),(0.040437, -0.049609, 0.009140, 0.997908),(-0.070749, 0.052558, 0.117193),(0.002242, -0.061733, 0.000139, 0.998090),(-0.1, 0.1, 0.1),(-0.123229, -0.004492, 0.992368),(-0.146006, 0.049815, 0.723238),
(-0.068181, 0.045200, -0.176720),(0.043378, -0.048979, 0.009054, 0.997816),(-0.070184, 0.052419, 0.117237),(0.003147, -0.059270, 0.000187, 0.998237),(-0.1, 0.1, 0.1),(-0.118329, -0.006305, 0.992954),(-0.142526, 0.048564, 0.724295),
(-0.067779, 0.043683, -0.175958),(0.054727, -0.049327, 0.009343, 0.997239),(-0.069675, 0.052015, 0.117488),(0.005121, -0.057286, 0.000294, 0.998345),(-0.1, 0.1, 0.1),(-0.114379, -0.010260, 0.993384),(-0.139664, 0.045737, 0.725348),
(-0.068004, 0.043331, -0.174974),(0.055788, -0.051014, 0.008800, 0.997100),(-0.069235, 0.051531, 0.117854),(0.007248, -0.055760, 0.000405, 0.998418),(-0.1, 0.1, 0.1),(-0.111337, -0.014519, 0.993677),(-0.137405, 0.042642, 0.726268),
(-0.066024, 0.040768, -0.174935),(0.060523, -0.049449, 0.013550, 0.996849),(-0.068733, 0.050943, 0.118154),(0.010508, -0.054143, 0.000570, 0.998478),(-0.1, 0.1, 0.1),(-0.108109, -0.021046, 0.993916),(-0.134999, 0.038043, 0.727381),
(-0.065418, 0.042992, -0.175501),(0.072709, -0.045182, 0.012877, 0.996246),(-0.067915, 0.050658, 0.118481),(0.013889, -0.052533, 0.000731, 0.998522),(-0.1, 0.1, 0.1),(-0.104890, -0.027814, 0.994095),(-0.132286, 0.033588, 0.728561),
(-0.061011, 0.049472, -0.173708),(0.061608, -0.046560, 0.022938, 0.996750),(-0.066352, 0.051209, 0.119123),(0.015148, -0.050894, 0.000772, 0.998589),(-0.1, 0.1, 0.1),(-0.101622, -0.030333, 0.994361),(-0.128743, 0.032586, 0.729609),
(-0.053924, 0.049409, -0.170237),(0.051850, -0.041492, 0.024600, 0.997489),(-0.063009, 0.052266, 0.120399),(0.016673, -0.047054, 0.000786, 0.998753),(-0.1, 0.1, 0.1),(-0.093964, -0.033378, 0.995016),(-0.120749, 0.031756, 0.731828),
(-0.049966, 0.046730, -0.169397),(0.069740, -0.029326, 0.012908, 0.997051),(-0.059187, 0.052670, 0.121705),(0.021590, -0.042232, 0.000913, 0.998874),(-0.1, 0.1, 0.1),(-0.084329, -0.043208, 0.995501),(-0.111137, 0.026052, 0.734977),
(-0.046533, 0.041631, -0.170459),(0.093641, -0.022569, 0.015348, 0.995232),(-0.055456, 0.052130, 0.122671),(0.029894, -0.036502, 0.001092, 0.998886),(-0.1, 0.1, 0.1),(-0.072857, -0.059801, 0.995548),(-0.100554, 0.015112, 0.738921),
(-0.045406, 0.039792, -0.171779),(0.107228, -0.016162, 0.020596, 0.993890),(-0.051654, 0.050158, 0.123015),(0.043245, -0.028215, 0.001222, 0.998665),(-0.1, 0.1, 0.1),(-0.056249, -0.086444, 0.994668),(-0.086801, -0.003856, 0.744533),
(-0.042222, 0.036562, -0.173998),(0.126825, -0.000636, 0.026466, 0.991572),(-0.048128, 0.047557, 0.122687),(0.057758, -0.017457, 0.001010, 0.998178),(0.0, 0.0, 0.1),(-0.034734, -0.115340, 0.992719),(-0.070118, -0.025466, 0.751188),
(-0.040222, 0.036567, -0.175307),(0.130390, 0.011945, 0.026761, 0.991030),(-0.044932, 0.045204, 0.121868),(0.069471, -0.005421, 0.000377, 0.997569),(0.0, 0.0, 0.1),(-0.010762, -0.138608, 0.990289),(-0.051844, -0.043825, 0.757935),
(-0.037774, 0.035689, -0.176998),(0.128332, 0.022194, 0.025807, 0.991147),(-0.041560, 0.043218, 0.120647),(0.076634, 0.009950, -0.000765, 0.997009),(0.0, 0.0, 0.1),(0.019723, -0.152824, 0.988057),(-0.028719, -0.056283, 0.763950),
(-0.034861, 0.034495, -0.177652),(0.126034, 0.042313, 0.021109, 0.990898),(-0.038500, 0.041690, 0.119432),(0.079969, 0.024299, -0.001950, 0.996499),(0.0, 0.0, 0.1),(0.048117, -0.159474, 0.986029),(-0.006801, -0.063367, 0.769003),
(-0.033483, 0.032648, -0.179049),(0.125813, 0.050377, 0.018007, 0.990610),(-0.035619, 0.040319, 0.118090),(0.082599, 0.037719, -0.003129, 0.995864),(0.0, 0.0, 0.1),(0.074610, -0.164752, 0.983509),(0.014122, -0.069517, 0.773777),
(-0.032172, 0.031816, -0.180313),(0.130901, 0.058826, 0.015799, 0.989523),(-0.033322, 0.039082, 0.116872),(0.085305, 0.048437, -0.004152, 0.995168),(0.0, 0.0, 0.1),(0.095697, -0.170187, 0.980754),(0.031163, -0.075598, 0.777753),
(-0.032636, 0.032486, -0.178991),(0.131073, 0.059728, 0.013978, 0.989473),(-0.032370, 0.038351, 0.116334),(0.086397, 0.054325, -0.004718, 0.994767),(0.0, 0.0, 0.1),(0.107266, -0.172403, 0.979169),(0.040317, -0.078477, 0.779857),
(-0.033450, 0.031740, -0.179407),(0.129683, 0.059563, 0.013791, 0.989669),(-0.032269, 0.037967, 0.116201),(0.086909, 0.057810, -0.005052, 0.994525),(0.0, 0.0, 0.1),(0.114110, -0.173450, 0.978210),(0.045279, -0.079909, 0.780987),
(-0.033800, 0.031898, -0.179070),(0.130192, 0.060357, 0.017772, 0.989490),(-0.032667, 0.037879, 0.116332),(0.087439, 0.059025, -0.005190, 0.994406),(0.0, 0.0, 0.1),(0.116481, -0.174512, 0.977741),(0.046555, -0.080811, 0.781321),
(-0.034199, 0.032414, -0.178412),(0.129868, 0.057492, 0.019131, 0.989678),(-0.033514, 0.038082, 0.116815),(0.089393, 0.058004, -0.005215, 0.994292),(0.0, 0.0, 0.1),(0.114414, -0.178371, 0.977289),(0.044248, -0.083150, 0.781041),
(-0.034501, 0.032873, -0.177839),(0.133502, 0.055493, 0.018588, 0.989319),(-0.033836, 0.038650, 0.117380),(0.089341, 0.056754, -0.005099, 0.994370),(0.0, 0.0, 0.1),(0.111959, -0.178255, 0.977594),(0.042111, -0.082270, 0.780532),
(-0.034796, 0.032955, -0.176909),(0.127963, 0.053603, 0.020340, 0.990121),(-0.034406, 0.039558, 0.118409),(0.086310, 0.055270, -0.004796, 0.994723),(0.0, 0.0, 0.1),(0.109129, -0.172239, 0.978992),(0.039286, -0.076752, 0.779505),
(-0.035224, 0.032594, -0.175686),(0.126339, 0.053000, 0.020729, 0.990353),(-0.034751, 0.039130, 0.118725),(0.088198, 0.054380, -0.004822, 0.994606),(0.0, 0.0, 0.1),(0.107323, -0.175970, 0.978528),(0.037714, -0.079684, 0.779424),
(-0.036034, 0.030531, -0.177769),(0.137497, 0.050334, 0.021925, 0.988979),(-0.034890, 0.038904, 0.118526),(0.089804, 0.053506, -0.004832, 0.994509),(0.0, 0.0, 0.1),(0.105557, -0.179140, 0.978145),(0.036424, -0.082123, 0.779359),
(-0.037001, 0.032256, -0.180470),(0.143517, 0.042060, 0.019113, 0.988569),(-0.035325, 0.038496, 0.117717),(0.092326, 0.050053, -0.004647, 0.994459),(0.0, 0.0, 0.1),(0.098694, -0.184094, 0.977941),(0.031375, -0.085920, 0.778638),
(-0.035879, 0.030460, -0.180636),(0.140437, 0.034361, 0.016019, 0.989364),(-0.035662, 0.038116, 0.116784),(0.094667, 0.047005, -0.004475, 0.994389),(0.0, 0.0, 0.1),(0.092634, -0.188693, 0.977657),(0.026993, -0.089510, 0.778036),
(-0.036756, 0.031483, -0.182661),(0.145726, 0.035110, 0.018361, 0.988531),(-0.035932, 0.037848, 0.115811),(0.096687, 0.044406, -0.004318, 0.994314),(0.0, 0.0, 0.1),(0.087471, -0.192657, 0.977360),(0.023460, -0.092965, 0.779432),
(-0.036751, 0.032844, -0.184161),(0.142494, 0.034565, 0.019109, 0.989007),(-0.036156, 0.037903, 0.114608),(0.095248, 0.042095, -0.004031, 0.994555),(0.0, 0.0, 0.1),(0.082964, -0.189799, 0.978312),(0.019990, -0.090545, 0.776691),
(-0.037105, 0.033654, -0.186389),(0.117784, 0.033828, 0.020114, 0.992259),(-0.036426, 0.038280, 0.113021),(0.091011, 0.040150, -0.003672, 0.995033),(0.0, 0.0, 0.1),(0.079234, -0.181414, 0.980210),(0.017133, -0.084348, 0.775601),
(-0.038196, 0.033997, -0.188308),(0.113558, 0.033306, 0.019334, 0.992785),(-0.036782, 0.038722, 0.111421),(0.086748, 0.038479, -0.003353, 0.995481),(0.0, 0.0, 0.1),(0.076028, -0.172971, 0.981988),(0.014561, -0.078086, 0.774566),
(-0.038789, 0.034550, -0.190567),(0.112649, 0.031918, 0.016248, 0.992989),(-0.037176, 0.039213, 0.109799),(0.082476, 0.037201, -0.003081, 0.995894),(0.0, 0.0, 0.1),(0.073588, -0.164503, 0.983628),(0.012487, -0.071807, 0.773630),
(-0.037528, 0.035388, -0.190093),(0.104288, 0.034060, 0.016944, 0.993819),(-0.037122, 0.040148, 0.107779),(0.075662, 0.038755, -0.002943, 0.996376),(0.0, 0.0, 0.1),(0.076784, -0.151003, 0.985547),(0.014727, -0.061817, 0.773272),
(-0.030837, 0.039693, -0.195545),(0.082398, 0.064271, 0.020162, 0.994321),(-0.036272, 0.041297, 0.105565),(0.067303, 0.045497, -0.003072, 0.996690),(0.0, 0.0, 0.1),(0.090279, -0.134439, 0.986801),(0.024915, -0.049820, 0.774374),
(-0.027517, 0.038011, -0.198250),(0.068029, 0.097993, 0.007937, 0.992828),(-0.033822, 0.042220, 0.102200),(0.058523, 0.063641, -0.003739, 0.996248),(0.0, 0.0, 0.1),(0.126368, -0.117083, 0.985050),(0.053023, -0.038245, 0.779169),
(-0.019891, 0.036758, -0.207540),(0.074910, 0.155097, -0.000931, 0.985055),(-0.030405, 0.042755, 0.098270),(0.051882, 0.089051, -0.004645, 0.994664),(0.0, 0.0, 0.1),(0.176670, -0.104038, 0.978756),(0.038723, 0.002047, 0.481240),
(-0.016272, 0.038020, -0.214322),(0.075291, 0.211886, -0.005810, 0.974372),(-0.026635, 0.043215, 0.094231),(0.046203, 0.117995, -0.005496, 0.991924),(0.0, 0.0, 0.1),(0.233577, -0.092957, 0.967885),(0.051056, 0.012296, 0.416162),
(-0.014344, 0.040651, -0.215717),(0.064970, 0.238777, -0.008541, 0.968861),(-0.022368, 0.044435, 0.090003),(0.037454, 0.153746, -0.005832, 0.987383),(0.0, 0.0, 0.1),(0.303176, -0.075756, 0.949919),(0.076584, 0.019709, 0.400044),
(-0.015372, 0.043127, -0.213533),(0.045102, 0.258984, -0.014963, 0.964712),(-0.019518, 0.046054, 0.087063),(0.029674, 0.181470, -0.005478, 0.982934),(0.0, 0.0, 0.1),(0.356420, -0.060324, 0.932377),(0.101964, 0.025493, 0.404854),
(-0.016800, 0.045004, -0.211952),(0.048298, 0.247305, -0.013435, 0.967640),(-0.018132, 0.047770, 0.085555),(0.023401, 0.199815, -0.004774, 0.979543),(0.0, 0.0, 0.1),(0.391231, -0.047753, 0.919053),(0.119179, 0.031010, 0.408116),
(-0.019362, 0.047716, -0.208276),(0.044739, 0.235407, -0.007788, 0.970835),(-0.017596, 0.049336, 0.085000),(0.018261, 0.211157, -0.003946, 0.977274),(0.0, 0.0, 0.1),(0.412572, -0.037359, 0.910159),(0.129783, 0.035991, 0.410126),
(-0.020334, 0.048813, -0.207169),(0.043690, 0.227802, -0.005118, 0.972713),(-0.017729, 0.050870, 0.085180),(0.013727, 0.217230, -0.003055, 0.976019),(0.0, 0.1, 0.1),(0.423957, -0.028124, 0.905245),(0.134909, 0.040745, 0.411098),
(-0.021537, 0.050140, -0.204951),(0.037755, 0.220863, -0.001506, 0.974573),(-0.018373, 0.052413, 0.085958),(0.009157, 0.219596, -0.002061, 0.975546),(0.0, 0.1, 0.1),(0.428414, -0.018771, 0.903388),(0.135908, 0.045653, 0.411287),
(-0.022616, 0.050632, -0.203703),(0.035143, 0.219034, 0.000096, 0.975084),(-0.019513, 0.053869, 0.087315),(0.005270, 0.219302, -0.001184, 0.975642),(0.0, 0.1, 0.1),(0.427909, -0.010802, 0.903758),(0.133681, 0.050002, 0.410865),
(-0.024246, 0.051232, -0.201332),(0.039750, 0.214514, 0.006526, 0.975890),(-0.020608, 0.055038, 0.088786),(0.002544, 0.218219, -0.000569, 0.975896),(0.0, 0.1, 0.1),(0.425915, -0.005213, 0.904748),(0.130751, 0.053185, 0.410310),
(-0.024642, 0.051532, -0.199400),(0.039516, 0.213217, 0.010619, 0.976148),(-0.021540, 0.055947, 0.090197),(0.000858, 0.217007, -0.000191, 0.976170),(0.0, 0.1, 0.1),(0.423671, -0.001758, 0.905815),(0.127934, 0.055327, 0.409776),
(-0.024911, 0.050823, -0.198995),(0.042807, 0.213120, 0.011733, 0.976017),(-0.022273, 0.056503, 0.091475),(0.000292, 0.215877, -0.000064, 0.976421),(0.0, 0.1, 0.1),(0.421573, -0.000597, 0.906794),(0.125491, 0.056294, 0.409313),
(-0.024711, 0.050988, -0.198546),(0.046828, 0.212829, 0.014991, 0.975852),(-0.022794, 0.056727, 0.092582),(0.000556, 0.214672, -0.000122, 0.976686),(0.0, 0.1, 0.1),(0.419333, -0.001139, 0.907832),(0.123315, 0.056330, 0.408900),
(-0.024762, 0.049901, -0.198522),(0.048882, 0.210092, 0.016004, 0.976328),(-0.023188, 0.056645, 0.093439),(0.001523, 0.213162, -0.000332, 0.977016),(0.0, 0.1, 0.1),(0.416525, -0.003119, 0.909119),(0.121158, 0.055564, 0.408492),
(-0.025110, 0.049002, -0.198909),(0.051782, 0.207859, 0.015834, 0.976659),(-0.023553, 0.056408, 0.093997),(0.002705, 0.211690, -0.000586, 0.977333),(0.0, 0.1, 0.1),(0.413780, -0.005536, 0.910360),(0.119226, 0.054498, 0.408125),
(-0.025566, 0.048891, -0.199314),(0.052197, 0.207561, 0.015771, 0.976701),(-0.023923, 0.056118, 0.094285),(0.003722, 0.210519, -0.000801, 0.977583),(0.0, 0.1, 0.1),(0.411592, -0.007614, 0.911336),(0.117687, 0.053499, 0.407834),
(-0.026189, 0.048570, -0.199962),(0.052061, 0.208073, 0.016885, 0.976581),(-0.024332, 0.055823, 0.094311),(0.004533, 0.209788, -0.000973, 0.977736),(0.0, 0.1, 0.1),(0.410225, -0.009271, 0.911937),(0.116612, 0.052638, 0.407630),
(-0.026189, 0.048570, -0.199962),(0.053015, 0.209390, 0.019604, 0.976197),(-0.024889, 0.053647, 0.006029),(0.017164, 0.210163, -0.003690, 0.977509),(0.0, 0.1, 0.0),(0.410745, -0.035106, 0.911074),(0.159863, 0.037856, 0.415827),
(-0.026189, 0.048570, -0.199962),(0.051977, 0.208621, 0.017331, 0.976461),(-0.025279, 0.052124, -0.055768),(0.025857, 0.210130, -0.005559, 0.977316),(0.0, 0.1, -0.1),(0.410440, -0.052877, 0.910354),(0.329897, 0.006367, 0.732010),
(-0.026189, 0.048570, -0.199962),(0.051977, 0.208621, 0.017331, 0.976461),(-0.025552, 0.051058, -0.099026),(0.031942, 0.210098, -0.006868, 0.977134),(0.0, 0.1, -0.1),(0.410148, -0.065308, 0.909678),(0.348083, -0.008437, 0.729669),
(-0.026189, 0.048570, -0.199962),(0.051977, 0.208621, 0.017331, 0.976461),(-0.025743, 0.050311, -0.129307),(0.036201, 0.210070, -0.007784, 0.976985),(0.0, 0.1, -0.1),(0.409907, -0.074005, 0.909120),(0.361022, -0.019516, 0.728488),
(-0.026189, 0.048570, -0.199962),(0.051977, 0.208621, 0.017331, 0.976461),(-0.025877, 0.049789, -0.150504),(0.039182, 0.210048, -0.008425, 0.976869),(0.0, 0.0, -0.2),(0.409719, -0.080090, 0.908689),(0.370101, -0.027615, 0.727711),
(-0.026189, 0.048570, -0.199962),(0.051977, 0.208621, 0.017331, 0.976461),(-0.025971, 0.049423, -0.165341),(0.041268, 0.210032, -0.008874, 0.976783),(0.0, 0.0, -0.2),(0.409578, -0.084347, 0.908367),(0.376468, -0.033454, 0.727193),
(-0.026189, 0.048570, -0.199962),(0.051977, 0.208621, 0.017331, 0.976461),(-0.026036, 0.049167, -0.175727),(0.042729, 0.210020, -0.009188, 0.976720),(0.0, 0.0, -0.2),(0.409475, -0.087327, 0.908132),(0.380931, -0.037625, 0.726842),
(-0.026189, 0.048570, -0.199962),(0.051977, 0.208621, 0.017331, 0.976461),(-0.026082, 0.048988, -0.182998),(0.043751, 0.210011, -0.009408, 0.976674),(0.0, 0.0, -0.2),(0.409401, -0.089412, 0.907963),(0.384057, -0.040585, 0.726602),
(-0.026189, 0.048570, -0.199962),(0.051977, 0.208621, 0.017331, 0.976461),(-0.026114, 0.048862, -0.188087),(0.044466, 0.210005, -0.009561, 0.976642),(0.0, 0.0, -0.2),(0.409348, -0.090872, 0.907842),(0.386247, -0.042678, 0.726437),
(-0.026189, 0.048570, -0.199962),(0.051977, 0.208621, 0.017331, 0.976461),(-0.026137, 0.048775, -0.191650),(0.044967, 0.210000, -0.009669, 0.976619),(0.0, 0.0, -0.2),(0.409311, -0.091893, 0.907756),(0.387780, -0.044153, 0.726323),
(-0.026189, 0.048570, -0.199962),(0.051977, 0.208621, 0.017331, 0.976461),(-0.026153, 0.048713, -0.194143),(0.045318, 0.209997, -0.009745, 0.976603),(0.0, 0.0, -0.2),(0.409284, -0.092608, 0.907695),(0.388854, -0.045190, 0.726244),
(-0.026189, 0.048570, -0.199962),(0.051977, 0.208621, 0.017331, 0.976461),(-0.026164, 0.048670, -0.195889),(0.045563, 0.209995, -0.009797, 0.976591),(0.0, 0.0, -0.2),(0.409265, -0.093108, 0.907652),(0.389606, -0.045918, 0.726189),
(-0.026189, 0.048570, -0.199962),(0.051977, 0.208621, 0.017331, 0.976461),(-0.026171, 0.048640, -0.197111),(0.045735, 0.209993, -0.009834, 0.976583),(0.0, 0.0, -0.2),(0.409252, -0.093459, 0.907622),(0.390132, -0.046429, 0.726151),
(-0.026189, 0.048570, -0.199962),(0.051977, 0.208621, 0.017331, 0.976461),(-0.026177, 0.048619, -0.197966),(0.045855, 0.209992, -0.009860, 0.976577),(0.0, 0.0, -0.2),(0.409243, -0.093704, 0.907601),(0.390501, -0.046787, 0.726124),
(-0.026189, 0.048570, -0.199962),(0.051977, 0.208621, 0.017331, 0.976461),(-0.026181, 0.048604, -0.198565),(0.045940, 0.209991, -0.009878, 0.976573),(0.0, 0.0, -0.2),(0.409236, -0.093875, 0.907586),(0.390759, -0.047038, 0.726105),
(-0.026189, 0.048570, -0.199962),(0.051977, 0.208621, 0.017331, 0.976461),(-0.026183, 0.048594, -0.198984),(0.045999, 0.209991, -0.009891, 0.976571),(0.0, 0.0, -0.2),(0.409232, -0.093996, 0.907576),(0.390940, -0.047214, 0.726092),
(-0.026189, 0.048570, -0.199962),(0.051977, 0.208621, 0.017331, 0.976461),(-0.026185, 0.048587, -0.199278),(0.046040, 0.209991, -0.009900, 0.976569),(0.0, 0.0, -0.2),(0.409229, -0.094080, 0.907569),(0.391066, -0.047337, 0.726083),
(-0.026189, 0.048570, -0.199962),(0.051977, 0.208621, 0.017331, 0.976461),(-0.026186, 0.048582, -0.199483),(0.046069, 0.209990, -0.009906, 0.976567),(0.0, 0.0, -0.2),(0.409227, -0.094139, 0.907564),(0.391155, -0.047424, 0.726077),
(-0.026189, 0.048570, -0.199962),(0.051977, 0.208621, 0.017331, 0.976461),(-0.026187, 0.048578, -0.199627),(0.046089, 0.209990, -0.009910, 0.976566),(0.0, 0.0, -0.2),(0.409225, -0.094180, 0.907560),(0.391216, -0.047484, 0.726072),
(-0.026189, 0.048570, -0.199962),(0.051977, 0.208621, 0.017331, 0.976461),(-0.026188, 0.048576, -0.199727),(0.046103, 0.209990, -0.009913, 0.976566),(0.0, 0.0, -0.2),(0.409224, -0.094209, 0.907558),(0.391260, -0.047526, 0.726069),
(-0.026189, 0.048570, -0.199962),(0.051977, 0.208621, 0.017331, 0.976461),(-0.026188, 0.048574, -0.199798),(0.046113, 0.209990, -0.009916, 0.976565),(0.0, 0.0, -0.2),(0.409223, -0.094229, 0.907556),(0.391290, -0.047556, 0.726067),
(-0.026189, 0.048570, -0.199962),(0.051977, 0.208621, 0.017331, 0.976461),(-0.026189, 0.048573, -0.199847),(0.046120, 0.209990, -0.009917, 0.976565),(0.0, 0.0, -0.2),(0.409222, -0.094243, 0.907555),(0.391311, -0.047577, 0.726065),
(-0.026189, 0.048570, -0.199962),(0.051977, 0.208621, 0.017331, 0.976461),(-0.026189, 0.048572, -0.199882),(0.046125, 0.209990, -0.009918, 0.976565),(0.0, 0.0, -0.2),(0.409222, -0.094253, 0.907554),(0.391326, -0.047591, 0.726064),
(-0.026189, 0.048570, -0.199962),(0.051977, 0.208621, 0.017331, 0.976461),(-0.026189, 0.048571, -0.199906),(0.046128, 0.209990, -0.009919, 0.976565),(0.0, 0.0, -0.2),(0.409222, -0.094260, 0.907553),(0.391337, -0.047601, 0.726063),
(-0.026189, 0.048570, -0.199962),(0.051977, 0.208621, 0.017331, 0.976461),(-0.026189, 0.048571, -0.199923),(0.046130, 0.209990, -0.009919, 0.976564),(0.0, 0.0, -0.2),(0.409222, -0.094265, 0.907553),(0.391344, -0.047608, 0.726063),
(-0.026189, 0.048570, -0.199962),(0.051977, 0.208621, 0.017331, 0.976461),(-0.026189, 0.048570, -0.199934),(0.046132, 0.209990, -0.009920, 0.976564),(0.0, 0.0, -0.2),(0.409221, -0.094268, 0.907552),(0.391349, -0.047613, 0.726063),
(-0.026189, 0.048570, -0.199962),(0.051977, 0.208621, 0.017331, 0.976461),(-0.026189, 0.048570, -0.199943),(0.046133, 0.209990, -0.009920, 0.976564),(0.0, 0.0, -0.2),(0.409221, -0.094270, 0.907552),(0.391352, -0.047617, 0.726062),
(-0.026189, 0.048570, -0.199962),(0.051977, 0.208621, 0.017331, 0.976461),(-0.026189, 0.048570, -0.199949),(0.046134, 0.209990, -0.009920, 0.976564),(0.0, 0.0, -0.2),(0.409221, -0.094272, 0.907552),(0.391355, -0.047619, 0.726062),
(-0.026189, 0.048570, -0.199962),(0.051977, 0.208621, 0.017331, 0.976461),(-0.026189, 0.048570, -0.199953),(0.046135, 0.209990, -0.009920, 0.976564),(0.0, 0.0, -0.2),(0.409221, -0.094273, 0.907552),(0.391357, -0.047621, 0.726062),
(-0.026189, 0.048570, -0.199962),(0.051977, 0.208621, 0.017331, 0.976461),(-0.026189, 0.048570, -0.199955),(0.046135, 0.209990, -0.009920, 0.976564),(0.0, 0.0, -0.2),(0.409221, -0.094274, 0.907552),(0.391358, -0.047622, 0.726062),
(-0.026189, 0.048570, -0.199962),(0.051977, 0.208621, 0.017331, 0.976461),(-0.026189, 0.048570, -0.199957),(0.046135, 0.209990, -0.009920, 0.976564),(0.0, 0.0, -0.2),(0.409221, -0.094275, 0.907552),(0.391359, -0.047623, 0.726062),
(-0.026189, 0.048570, -0.199962),(0.051977, 0.208621, 0.017331, 0.976461),(-0.026189, 0.048570, -0.199959),(0.046136, 0.209990, -0.009920, 0.976564),(0.0, 0.0, -0.2),(0.409221, -0.094275, 0.907552),(0.391359, -0.047624, 0.726062),
(-0.026189, 0.048570, -0.199962),(0.051977, 0.208621, 0.017331, 0.976461),(-0.026189, 0.048570, -0.199960),(0.046136, 0.209990, -0.009921, 0.976564),(0.0, 0.0, -0.2),(0.409221, -0.094275, 0.907552),(0.391360, -0.047624, 0.726062),
(-0.026189, 0.048570, -0.199962),(0.051977, 0.208621, 0.017331, 0.976461),(-0.026189, 0.048570, -0.199960),(0.046136, 0.209990, -0.009921, 0.976564),(0.0, 0.0, -0.2),(0.409221, -0.094275, 0.907552),(0.391360, -0.047624, 0.726062),
(-0.026189, 0.048570, -0.199962),(0.051977, 0.208621, 0.017331, 0.976461),(-0.026189, 0.048570, -0.199960),(0.046136, 0.209990, -0.009921, 0.976564),(0.0, 0.0, -0.2),(0.409221, -0.094275, 0.907552),(0.391360, -0.047624, 0.726062),
(-0.026189, 0.048570, -0.199962),(0.051977, 0.208621, 0.017331, 0.976461),(-0.026189, 0.048570, -0.199961),(0.046136, 0.209990, -0.009921, 0.976564),(0.0, 0.0, -0.2),(0.409221, -0.094275, 0.907552),(0.391360, -0.047624, 0.726062),
(-0.026189, 0.048570, -0.199962),(0.051977, 0.208621, 0.017331, 0.976461),(-0.026189, 0.048570, -0.199961),(0.046136, 0.209990, -0.009921, 0.976564),(0.0, 0.0, -0.2),(0.409221, -0.094275, 0.907552),(0.391360, -0.047624, 0.726062),
(-0.026189, 0.048570, -0.199962),(0.051977, 0.208621, 0.017331, 0.976461),(-0.026189, 0.048570, -0.199961),(0.046136, 0.209990, -0.009921, 0.976564),(0.0, 0.0, -0.2),(0.409221, -0.094275, 0.907552),(0.391360, -0.047624, 0.726062),
(-0.026189, 0.048570, -0.199962),(0.051977, 0.208621, 0.017331, 0.976461),(-0.026189, 0.048570, -0.199961),(0.046136, 0.209990, -0.009921, 0.976564),(0.0, 0.0, -0.2),(0.409221, -0.094275, 0.907552),(0.391360, -0.047624, 0.726062),
(-0.026189, 0.048570, -0.199962),(0.051977, 0.208621, 0.017331, 0.976461),(-0.026189, 0.048570, -0.199961),(0.046136, 0.209990, -0.009921, 0.976564),(0.0, 0.0, -0.2),(0.409221, -0.094275, 0.907552),(0.391360, -0.047624, 0.726062),
(-0.026189, 0.048570, -0.199962),(0.052161, 0.208618, 0.017267, 0.976453),(-0.026189, 0.048570, -0.199961),(0.046138, 0.209990, -0.009921, 0.976564),(0.0, 0.0, -0.2),(0.409221, -0.094279, 0.907552),(0.391361, -0.047628, 0.726062),
(-0.026189, 0.048570, -0.199962),(0.052161, 0.208618, 0.017267, 0.976453),(-0.026189, 0.048570, -0.199961),(0.046139, 0.209990, -0.009921, 0.976564),(0.0, 0.0, -0.2),(0.409221, -0.094283, 0.907551),(0.391361, -0.047632, 0.726063),
(-0.026189, 0.048570, -0.199962),(0.052161, 0.208618, 0.017267, 0.976453),(-0.026189, 0.048570, -0.199961),(0.046141, 0.209990, -0.009922, 0.976564),(0.0, 0.0, -0.2),(0.409221, -0.094286, 0.907551),(0.391361, -0.047635, 0.726063),
(-0.026189, 0.048570, -0.199962),(0.052161, 0.208618, 0.017267, 0.976453),(-0.026189, 0.048570, -0.199961),(0.046142, 0.209990, -0.009922, 0.976564),(0.0, 0.0, -0.2),(0.409221, -0.094289, 0.907551),(0.391361, -0.047639, 0.726064),
(-0.026189, 0.048570, -0.199962),(0.052161, 0.208618, 0.017267, 0.976453),(-0.026189, 0.048570, -0.199961),(0.046144, 0.209990, -0.009922, 0.976564),(0.0, 0.0, -0.2),(0.409221, -0.094292, 0.907550),(0.391362, -0.047642, 0.726064),
(-0.026189, 0.048570, -0.199962),(0.052161, 0.208618, 0.017267, 0.976453),(-0.026189, 0.048570, -0.199961),(0.046145, 0.209990, -0.009923, 0.976564),(0.0, 0.0, -0.2),(0.409221, -0.094295, 0.907550),(0.391362, -0.047645, 0.726065),
(-0.026189, 0.048570, -0.199962),(0.052161, 0.208618, 0.017267, 0.976453),(-0.026189, 0.048570, -0.199961),(0.046147, 0.209990, -0.009923, 0.976564),(0.0, 0.0, -0.2),(0.409221, -0.094298, 0.907550),(0.391362, -0.047648, 0.726065),
(-0.026189, 0.048570, -0.199962),(0.052161, 0.208618, 0.017267, 0.976453),(-0.026189, 0.048570, -0.199961),(0.046148, 0.209990, -0.009923, 0.976564),(0.0, 0.0, -0.2),(0.409221, -0.094300, 0.907550),(0.391363, -0.047650, 0.726066),
(-0.026189, 0.048570, -0.199962),(0.052161, 0.208618, 0.017267, 0.976453),(-0.026189, 0.048570, -0.199961),(0.046149, 0.209990, -0.009923, 0.976564),(0.0, 0.0, -0.2),(0.409221, -0.094303, 0.907549),(0.391363, -0.047653, 0.726066),
(-0.026189, 0.048570, -0.199962),(0.052161, 0.208618, 0.017267, 0.976453),(-0.026189, 0.048570, -0.199961),(0.046150, 0.209990, -0.009924, 0.976563),(0.0, 0.0, -0.2),(0.409221, -0.094305, 0.907549),(0.391363, -0.047656, 0.726066),
(-0.026189, 0.048570, -0.199962),(0.052161, 0.208618, 0.017267, 0.976453),(-0.026189, 0.048570, -0.199961),(0.046152, 0.209990, -0.009924, 0.976563),(0.0, 0.0, -0.2),(0.409221, -0.094308, 0.907549),(0.391363, -0.047658, 0.726067),
(-0.026189, 0.048570, -0.199962),(0.052161, 0.208618, 0.017267, 0.976453),(-0.026189, 0.048570, -0.199961),(0.046153, 0.209990, -0.009924, 0.976563),(0.0, 0.0, -0.2),(0.409221, -0.094310, 0.907549),(0.391363, -0.047661, 0.726067),
(-0.026189, 0.048570, -0.199962),(0.052161, 0.208618, 0.017267, 0.976453),(-0.026189, 0.048570, -0.199961),(0.046154, 0.209990, -0.009924, 0.976563),(0.0, 0.0, -0.2),(0.409221, -0.094312, 0.907548),(0.391364, -0.047663, 0.726067),
(-0.026189, 0.048570, -0.199962),(0.052161, 0.208618, 0.017267, 0.976453),(-0.026189, 0.048570, -0.199961),(0.046155, 0.209990, -0.009925, 0.976563),(0.0, 0.0, -0.2),(0.409220, -0.094315, 0.907548),(0.391364, -0.047665, 0.726068),
(-0.026189, 0.048570, -0.199962),(0.052161, 0.208618, 0.017267, 0.976453),(-0.026189, 0.048570, -0.199961),(0.046156, 0.209990, -0.009925, 0.976563),(0.0, 0.0, -0.2),(0.409220, -0.094317, 0.907548),(0.391364, -0.047668, 0.726068),
(-0.026189, 0.048570, -0.199962),(0.052161, 0.208618, 0.017267, 0.976453),(-0.026189, 0.048570, -0.199961),(0.046157, 0.209990, -0.009925, 0.976563),(0.0, 0.0, -0.2),(0.409220, -0.094319, 0.907548),(0.391364, -0.047670, 0.726068),
(-0.026189, 0.048570, -0.199962),(0.052161, 0.208618, 0.017267, 0.976453),(-0.026189, 0.048570, -0.199961),(0.046158, 0.209990, -0.009925, 0.976563),(0.0, 0.0, -0.2),(0.409220, -0.094321, 0.907547),(0.395819, -0.048699, 0.735947),
(-0.026189, 0.048570, -0.199962),(0.052161, 0.208618, 0.017267, 0.976453),(-0.026189, 0.048570, -0.199961),(0.046159, 0.209990, -0.009926, 0.976563),(0.0, 0.0, -0.2),(0.409220, -0.094323, 0.907547),(0.395819, -0.048701, 0.735948),
(-0.026189, 0.048570, -0.199962),(0.052161, 0.208618, 0.017267, 0.976453),(-0.026189, 0.048570, -0.199961),(0.046160, 0.209990, -0.009926, 0.976563),(0.0, 0.0, -0.2),(0.409220, -0.094325, 0.907547),(0.395820, -0.048703, 0.735948),
(-0.026189, 0.048570, -0.199962),(0.052161, 0.208618, 0.017267, 0.976453),(-0.026189, 0.048570, -0.199961),(0.046161, 0.209990, -0.009926, 0.976563),(0.0, 0.0, -0.2),(0.409220, -0.094327, 0.907547),(0.395820, -0.048705, 0.735949),
(-0.026189, 0.048570, -0.199962),(0.052161, 0.208618, 0.017267, 0.976453),(-0.026189, 0.048570, -0.199961),(0.046162, 0.209990, -0.009926, 0.976563),(0.0, 0.0, -0.2),(0.409220, -0.094329, 0.907547),(0.395820, -0.048708, 0.735950),
(-0.026189, 0.048570, -0.199962),(0.052161, 0.208618, 0.017267, 0.976453),(-0.026189, 0.048570, -0.199961),(0.046163, 0.209990, -0.009926, 0.976563),(0.0, 0.0, -0.2),(0.409220, -0.094331, 0.907547),(0.395820, -0.048710, 0.735950),
(-0.026189, 0.048570, -0.199962),(0.052161, 0.208618, 0.017267, 0.976453),(-0.026189, 0.048570, -0.199961),(0.046164, 0.209990, -0.009927, 0.976563),(0.0, 0.0, -0.2),(0.409220, -0.094333, 0.907546),(0.395821, -0.048712, 0.735951),
(-0.026189, 0.048570, -0.199962),(0.052161, 0.208618, 0.017267, 0.976453),(-0.026189, 0.048570, -0.199961),(0.046165, 0.209990, -0.009927, 0.976563),(0.0, 0.0, -0.2),(0.409220, -0.094335, 0.907546),(0.395821, -0.048714, 0.735951),
(-0.026189, 0.048570, -0.199962),(0.052161, 0.208618, 0.017267, 0.976453),(-0.026189, 0.048570, -0.199961),(0.046166, 0.209990, -0.009927, 0.976563),(0.0, 0.0, -0.2),(0.409220, -0.094337, 0.907546),(0.395821, -0.048716, 0.735952),
(-0.026189, 0.048570, -0.199962),(0.052161, 0.208618, 0.017267, 0.976453),(-0.026189, 0.048570, -0.199961),(0.046167, 0.209990, -0.009927, 0.976563),(0.0, 0.0, -0.2),(0.409220, -0.094338, 0.907546),(0.395821, -0.048717, 0.735952),
(-0.026189, 0.048570, -0.199962),(0.052161, 0.208618, 0.017267, 0.976453),(-0.026189, 0.048570, -0.199961),(0.046167, 0.209990, -0.009927, 0.976563),(0.0, 0.0, -0.2),(0.409220, -0.094340, 0.907546),(0.395822, -0.048719, 0.735952),
(-0.026189, 0.048570, -0.199962),(0.052161, 0.208618, 0.017267, 0.976453),(-0.026189, 0.048570, -0.199961),(0.046168, 0.209990, -0.009928, 0.976562),(0.0, 0.0, -0.2),(0.409220, -0.094341, 0.907546),(0.395822, -0.048721, 0.735953),
(-0.026189, 0.048570, -0.199962),(0.052161, 0.208618, 0.017267, 0.976453),(-0.026189, 0.048570, -0.199961),(0.046169, 0.209990, -0.009928, 0.976562),(0.0, 0.0, -0.2),(0.409220, -0.094343, 0.907545),(0.395822, -0.048722, 0.735953),
(-0.026189, 0.048570, -0.199962),(0.052161, 0.208618, 0.017267, 0.976453),(-0.026189, 0.048570, -0.199961),(0.046170, 0.209990, -0.009928, 0.976562),(0.0, 0.0, -0.2),(0.409220, -0.094345, 0.907545),(0.395822, -0.048724, 0.735954),
(-0.026189, 0.048570, -0.199962),(0.052161, 0.208618, 0.017267, 0.976453),(-0.026189, 0.048570, -0.199961),(0.046171, 0.209990, -0.009928, 0.976562),(0.0, 0.0, -0.2),(0.409220, -0.094346, 0.907545),(0.395823, -0.048726, 0.735954),
(-0.026189, 0.048570, -0.199962),(0.052161, 0.208618, 0.017267, 0.976453),(-0.026189, 0.048570, -0.199961),(0.046171, 0.209990, -0.009928, 0.976562),(0.0, 0.0, -0.2),(0.409220, -0.094348, 0.907545),(0.395823, -0.048728, 0.735954),
(-0.026189, 0.048570, -0.199962),(0.052161, 0.208618, 0.017267, 0.976453),(-0.026189, 0.048570, -0.199961),(0.046172, 0.209990, -0.009928, 0.976562),(0.0, 0.0, -0.2),(0.409220, -0.094350, 0.907545),(0.395823, -0.048730, 0.735955),
(-0.026189, 0.048570, -0.199962),(0.052161, 0.208618, 0.017267, 0.976453),(-0.026189, 0.048570, -0.199961),(0.046173, 0.209990, -0.009929, 0.976562),(0.0, 0.0, -0.2),(0.409220, -0.094352, 0.907544),(0.395823, -0.048732, 0.735956),
(-0.026189, 0.048570, -0.199962),(0.052161, 0.208618, 0.017267, 0.976453),(-0.026189, 0.048570, -0.199961),(0.046174, 0.209990, -0.009929, 0.976562),(0.0, 0.0, -0.2),(0.409220, -0.094354, 0.907544),(0.395824, -0.048734, 0.735956),
(-0.026189, 0.048570, -0.199962),(0.052161, 0.208618, 0.017267, 0.976453),(-0.026189, 0.048570, -0.199961),(0.046176, 0.209990, -0.009929, 0.976562),(0.0, 0.0, -0.2),(0.409220, -0.094357, 0.907544),(0.395824, -0.048737, 0.735957),
(-0.026189, 0.048570, -0.199962),(0.052161, 0.208618, 0.017267, 0.976453),(-0.026189, 0.048570, -0.199961),(0.046177, 0.209990, -0.009929, 0.976562),(0.0, 0.0, -0.2),(0.409220, -0.094359, 0.907544),(0.395824, -0.048739, 0.735957),
(-0.026189, 0.048570, -0.199962),(0.052161, 0.208618, 0.017267, 0.976453),(-0.026189, 0.048570, -0.199961),(0.046178, 0.209990, -0.009930, 0.976562),(0.0, 0.0, -0.2),(0.409220, -0.094361, 0.907544),(0.395825, -0.048742, 0.735958),
(-0.026189, 0.048570, -0.199962),(0.052161, 0.208618, 0.017267, 0.976453),(-0.026189, 0.048570, -0.199961),(0.046179, 0.209990, -0.009930, 0.976562),(0.0, 0.0, -0.2),(0.409220, -0.094364, 0.907543),(0.395825, -0.048744, 0.735959),
(-0.026189, 0.048570, -0.199962),(0.052161, 0.208618, 0.017267, 0.976453),(-0.026189, 0.048570, -0.199961),(0.046180, 0.209990, -0.009930, 0.976562),(0.0, 0.0, -0.2),(0.409220, -0.094366, 0.907543),(0.395826, -0.048747, 0.735959),
(-0.026189, 0.048570, -0.199962),(0.052161, 0.208618, 0.017267, 0.976453),(-0.026189, 0.048570, -0.199961),(0.046181, 0.209990, -0.009930, 0.976562),(0.0, 0.0, -0.2),(0.409219, -0.094369, 0.907543),(0.395826, -0.048750, 0.735960),
(-0.026189, 0.048570, -0.199962),(0.052161, 0.208618, 0.017267, 0.976453),(-0.026189, 0.048570, -0.199961),(0.046183, 0.209990, -0.009931, 0.976562),(0.0, 0.0, -0.2),(0.409219, -0.094371, 0.907543),(0.395826, -0.048752, 0.735961),
(-0.026189, 0.048570, -0.199962),(0.052161, 0.208618, 0.017267, 0.976453),(-0.026189, 0.048570, -0.199961),(0.046184, 0.209990, -0.009931, 0.976562),(0.0, 0.0, -0.2),(0.409219, -0.094374, 0.907542),(0.395827, -0.048755, 0.735961),
(-0.026189, 0.048570, -0.199962),(0.052161, 0.208618, 0.017267, 0.976453),(-0.026189, 0.048570, -0.199961),(0.046185, 0.209990, -0.009931, 0.976562),(0.0, 0.0, -0.2),(0.409219, -0.094377, 0.907542),(0.395827, -0.048758, 0.735962),
(-0.026189, 0.048570, -0.199962),(0.052161, 0.208618, 0.017267, 0.976453),(-0.026189, 0.048570, -0.199961),(0.046187, 0.209990, -0.009932, 0.976562),(0.0, 0.0, -0.2),(0.409219, -0.094379, 0.907542),(0.395827, -0.048761, 0.735963),
(-0.026189, 0.048570, -0.199962),(0.052161, 0.208618, 0.017267, 0.976453),(-0.026189, 0.048570, -0.199961),(0.046188, 0.209990, -0.009932, 0.976561),(0.0, 0.0, -0.2),(0.409219, -0.094382, 0.907542),(0.395828, -0.048764, 0.735963),
(-0.026189, 0.048570, -0.199962),(0.052161, 0.208618, 0.017267, 0.976453),(-0.026189, 0.048570, -0.199961),(0.046189, 0.209990, -0.009932, 0.976561),(0.0, 0.0, -0.2),(0.409219, -0.094385, 0.907541),(0.395828, -0.048767, 0.735964),
(-0.026189, 0.048570, -0.199962),(0.052161, 0.208618, 0.017267, 0.976453),(-0.026189, 0.048570, -0.199961),(0.046191, 0.209990, -0.009932, 0.976561),(0.0, 0.0, -0.2),(0.409219, -0.094388, 0.907541),(0.395829, -0.048770, 0.735965),
(-0.026189, 0.048570, -0.199962),(0.052161, 0.208618, 0.017267, 0.976453),(-0.026189, 0.048570, -0.199961),(0.046192, 0.209990, -0.009933, 0.976561),(0.0, 0.0, -0.2),(0.409219, -0.094391, 0.907541),(0.395829, -0.048773, 0.735966),
(-0.026189, 0.048570, -0.199962),(0.052161, 0.208618, 0.017267, 0.976453),(-0.026189, 0.048570, -0.199961),(0.046194, 0.209990, -0.009933, 0.976561),(0.0, 0.0, -0.2),(0.409219, -0.094394, 0.907541),(0.395829, -0.048776, 0.735966),
(-0.026189, 0.048570, -0.199962),(0.052161, 0.208618, 0.017267, 0.976453),(-0.026189, 0.048570, -0.199961),(0.046195, 0.209990, -0.009933, 0.976561),(0.0, 0.0, -0.2),(0.409219, -0.094397, 0.907540),(0.395830, -0.048779, 0.735967),
(-0.026189, 0.048570, -0.199962),(0.052161, 0.208618, 0.017267, 0.976453),(-0.026189, 0.048570, -0.199961),(0.046197, 0.209990, -0.009934, 0.976561),(0.0, 0.0, -0.2),(0.409219, -0.094399, 0.907540),(0.395830, -0.048783, 0.735968),
(-0.026189, 0.048570, -0.199962),(0.052161, 0.208618, 0.017267, 0.976453),(-0.026189, 0.048570, -0.199961),(0.046198, 0.209990, -0.009934, 0.976561),(0.0, 0.0, -0.2),(0.409219, -0.094402, 0.907540),(0.395831, -0.048786, 0.735969),
(-0.026189, 0.048570, -0.199962),(0.052161, 0.208618, 0.017267, 0.976453),(-0.026189, 0.048570, -0.199961),(0.046200, 0.209990, -0.009934, 0.976561),(0.0, 0.0, -0.2),(0.409219, -0.094405, 0.907539),(0.395831, -0.048789, 0.735969),
(-0.026189, 0.048570, -0.199962),(0.052161, 0.208618, 0.017267, 0.976453),(-0.026189, 0.048570, -0.199961),(0.046201, 0.209990, -0.009935, 0.976561),(0.0, 0.0, -0.2),(0.409219, -0.094408, 0.907539),(0.395832, -0.048792, 0.735970),
(-0.026189, 0.048570, -0.199962),(0.052161, 0.208618, 0.017267, 0.976453),(-0.026189, 0.048570, -0.199961),(0.046202, 0.209990, -0.009935, 0.976561),(0.0, 0.0, -0.2),(0.409219, -0.094411, 0.907539),(0.395832, -0.048795, 0.735971),
(-0.026189, 0.048570, -0.199962),(0.052161, 0.208618, 0.017267, 0.976453),(-0.026189, 0.048570, -0.199961),(0.046204, 0.209990, -0.009935, 0.976561),(0.0, 0.0, -0.2),(0.409219, -0.094414, 0.907538),(0.395833, -0.048799, 0.735972),
(-0.026189, 0.048570, -0.199962),(0.052161, 0.208618, 0.017267, 0.976453),(-0.026189, 0.048570, -0.199961),(0.046205, 0.209990, -0.009936, 0.976561),(0.0, 0.0, -0.2),(0.409219, -0.094418, 0.907538),(0.395833, -0.048802, 0.735973),
(-0.026189, 0.048570, -0.199962),(0.052161, 0.208618, 0.017267, 0.976453),(-0.026189, 0.048570, -0.199961),(0.046207, 0.209991, -0.009936, 0.976560),(0.0, 0.0, -0.2),(0.409219, -0.094421, 0.907538),(0.395834, -0.048805, 0.735973),
(-0.026189, 0.048570, -0.199962),(0.052161, 0.208618, 0.017267, 0.976453),(-0.026189, 0.048570, -0.199961),(0.046208, 0.209990, -0.009936, 0.976560),(0.0, 0.0, -0.2),(0.409218, -0.094424, 0.907538),(0.395834, -0.048808, 0.735974),
(-0.026189, 0.048570, -0.199962),(0.052161, 0.208618, 0.017267, 0.976453),(-0.026189, 0.048570, -0.199961),(0.046210, 0.209991, -0.009937, 0.976560),(0.0, 0.0, -0.2),(0.409218, -0.094427, 0.907537),(0.395834, -0.048812, 0.735975),
(-0.026189, 0.048570, -0.199962),(0.052161, 0.208618, 0.017267, 0.976453),(-0.026189, 0.048570, -0.199961),(0.046211, 0.209991, -0.009937, 0.976560),(0.0, 0.0, -0.2),(0.409218, -0.094430, 0.907537),(0.395835, -0.048815, 0.735976),
(-0.026189, 0.048570, -0.199962),(0.052161, 0.208618, 0.017267, 0.976453),(-0.026189, 0.048570, -0.199961),(0.046213, 0.209991, -0.009937, 0.976560),(0.0, 0.0, -0.2),(0.409218, -0.094432, 0.907537),(0.395835, -0.048818, 0.735976),
(-0.026189, 0.048570, -0.199962),(0.052161, 0.208618, 0.017267, 0.976453),(-0.026189, 0.048570, -0.199961),(0.046214, 0.209991, -0.009937, 0.976560),(0.0, 0.0, -0.2),(0.409218, -0.094435, 0.907536),(0.395836, -0.048821, 0.735977),
(-0.026189, 0.048570, -0.199962),(0.052161, 0.208618, 0.017267, 0.976453),(-0.026189, 0.048570, -0.199961),(0.046215, 0.209991, -0.009938, 0.976560),(0.0, 0.0, -0.2),(0.409218, -0.094438, 0.907536),(0.395836, -0.048824, 0.735978),
(-0.026189, 0.048570, -0.199962),(0.052161, 0.208618, 0.017267, 0.976453),(-0.026189, 0.048570, -0.199961),(0.046217, 0.209991, -0.009938, 0.976560),(0.0, 0.0, -0.2),(0.409218, -0.094441, 0.907536),(0.395837, -0.048827, 0.735979),
(-0.026189, 0.048570, -0.199962),(0.052161, 0.208618, 0.017267, 0.976453),(-0.026189, 0.048570, -0.199961),(0.046218, 0.209991, -0.009938, 0.976560),(0.0, 0.0, -0.2),(0.409218, -0.094444, 0.907536),(0.395837, -0.048830, 0.735979),
(-0.026189, 0.048570, -0.199962),(0.052161, 0.208618, 0.017267, 0.976453),(-0.026189, 0.048570, -0.199961),(0.046220, 0.209991, -0.009939, 0.976560),(0.0, 0.0, -0.2),(0.409218, -0.094446, 0.907535),(0.395837, -0.048833, 0.735980),
(-0.026189, 0.048570, -0.199962),(0.052161, 0.208618, 0.017267, 0.976453),(-0.026189, 0.048570, -0.199961),(0.046221, 0.209991, -0.009939, 0.976560),(0.0, 0.0, -0.2),(0.409218, -0.094449, 0.907535),(0.395838, -0.048836, 0.735981),
(-0.026189, 0.048570, -0.199962),(0.052161, 0.208618, 0.017267, 0.976453),(-0.026189, 0.048570, -0.199961),(0.046222, 0.209991, -0.009939, 0.976560),(0.0, 0.0, -0.2),(0.409218, -0.094452, 0.907535),(0.395838, -0.048838, 0.735982),
(-0.026189, 0.048570, -0.199962),(0.052161, 0.208618, 0.017267, 0.976453),(-0.026189, 0.048570, -0.199961),(0.046223, 0.209991, -0.009939, 0.976560),(0.0, 0.0, -0.2),(0.409218, -0.094454, 0.907535),(0.395838, -0.048841, 0.735982),
(-0.026189, 0.048570, -0.199962),(0.052161, 0.208618, 0.017267, 0.976453),(-0.026189, 0.048570, -0.199961),(0.046225, 0.209991, -0.009940, 0.976560),(0.0, 0.0, -0.2),(0.409218, -0.094457, 0.907534),(0.395839, -0.048844, 0.735983),
(-0.026189, 0.048570, -0.199962),(0.052161, 0.208618, 0.017267, 0.976453),(-0.026189, 0.048570, -0.199961),(0.046226, 0.209991, -0.009940, 0.976559),(0.0, 0.0, -0.2),(0.409218, -0.094459, 0.907534),(0.395839, -0.048847, 0.735984),
(-0.026189, 0.048570, -0.199962),(0.052161, 0.208618, 0.017267, 0.976453),(-0.026189, 0.048570, -0.199961),(0.046227, 0.209991, -0.009940, 0.976559),(0.0, 0.0, -0.2),(0.409218, -0.094462, 0.907534),(0.395840, -0.048849, 0.735984),
(-0.026189, 0.048570, -0.199962),(0.052161, 0.208618, 0.017267, 0.976453),(-0.026189, 0.048570, -0.199961),(0.046228, 0.209991, -0.009941, 0.976559),(0.0, 0.0, -0.2),(0.409218, -0.094464, 0.907534),(0.395840, -0.048852, 0.735985),
(-0.026189, 0.048570, -0.199962),(0.052161, 0.208618, 0.017267, 0.976453),(-0.026189, 0.048570, -0.199961),(0.046230, 0.209991, -0.009941, 0.976559),(0.0, 0.0, -0.2),(0.409218, -0.094467, 0.907534),(0.395840, -0.048855, 0.735986),
(-0.026189, 0.048570, -0.199962),(0.052161, 0.208618, 0.017267, 0.976453),(-0.026189, 0.048570, -0.199961),(0.046231, 0.209991, -0.009941, 0.976559),(0.0, 0.0, -0.2),(0.409218, -0.094469, 0.907533),(0.395841, -0.048857, 0.735986),
(-0.026189, 0.048570, -0.199962),(0.052161, 0.208618, 0.017267, 0.976453),(-0.026189, 0.048570, -0.199961),(0.046232, 0.209991, -0.009941, 0.976559),(0.0, 0.0, -0.2),(0.409218, -0.094472, 0.907533),(0.395841, -0.048860, 0.735987),
(-0.026189, 0.048570, -0.199962),(0.052161, 0.208618, 0.017267, 0.976453),(-0.026189, 0.048570, -0.199961),(0.046233, 0.209991, -0.009942, 0.976559),(0.0, 0.0, -0.2),(0.409218, -0.094474, 0.907533),(0.395841, -0.048862, 0.735987),
